-- phpMyAdmin SQL Dump
-- version 5.2.0
-- https://www.phpmyadmin.net/
--
-- Host: 127.0.0.1:3306
-- Generation Time: Oct 28, 2024 at 07:50 AM
-- Server version: 8.0.31
-- PHP Version: 8.0.26

SET SQL_MODE = "NO_AUTO_VALUE_ON_ZERO";
START TRANSACTION;
SET time_zone = "+00:00";


/*!40101 SET @OLD_CHARACTER_SET_CLIENT=@@CHARACTER_SET_CLIENT */;
/*!40101 SET @OLD_CHARACTER_SET_RESULTS=@@CHARACTER_SET_RESULTS */;
/*!40101 SET @OLD_COLLATION_CONNECTION=@@COLLATION_CONNECTION */;
/*!40101 SET NAMES utf8mb4 */;

--
-- Database: `qlts_v2_fixed`
--

-- --------------------------------------------------------

--
-- Table structure for table `auth_assignment`
--

DROP TABLE IF EXISTS `auth_assignment`;
CREATE TABLE IF NOT EXISTS `auth_assignment` (
  `item_name` varchar(64) NOT NULL,
  `user_id` int NOT NULL,
  `created_at` int DEFAULT NULL,
  PRIMARY KEY (`item_name`,`user_id`),
  KEY `user_id` (`user_id`)
) ENGINE=InnoDB DEFAULT CHARSET=utf8mb3;

--
-- Dumping data for table `auth_assignment`
--

INSERT INTO `auth_assignment` (`item_name`, `user_id`, `created_at`) VALUES
('macDinh', 17, 1719545505),
('macDinh', 20, 1724311207),
('macDinh', 22, 1724311526),
('nDuyetBaoGiaMuaSam', 20, 1725692769),
('nDuyetBaoGiaSuaChua', 20, 1725692769),
('nDuyetDieuChuyenThietBi', 20, 1725692769),
('nDuyetPhieuMuaSam', 20, 1725692769),
('nGuiDieuChuyenThietBi', 20, 1725692769),
('nQuanLyBaoTri', 20, 1725692769),
('nQuanLyBoPhan', 20, 1725692769),
('nQuanLyDanhMuc', 20, 1725692769),
('nQuanLyDieuChuyenThietBi', 20, 1725692769),
('nQuanLyDoiTac', 20, 1725692769),
('nQuanLyHeThongThietBi', 20, 1725692769),
('nQuanLyKho', 20, 1725692769),
('nQuanLyLoaiThietBi', 20, 1725692769),
('nQuanLyNhanVien', 20, 1725692769),
('nQuanLyPhieuMuaSam', 20, 1725692769),
('nQuanLyPhieuMuaSamVatTu', 20, 1725692769),
('nQuanLyPhieuSuaChua', 20, 1725692769),
('nQuanLyTaiSan', 17, 1719545875),
('nQuanLyTaiSan', 20, 1725692769),
('nQuanLyVatTuKho', 20, 1725692769),
('nQuanLyViTri', 20, 1725692769),
('nQuanTriTaiKhoan', 20, 1725692769),
('nThemDieuChuyenThietBi', 20, 1725692769),
('nThemPhieuMuaSam', 20, 1725692769),
('nThemPhieuMuaSamVatTu', 20, 1725692769),
('nXemTatCa', 20, 1725692769),
('nXuatDieuChuyenThietBi', 20, 1725692769),
('user_17_', 17, 1719545505),
('user_20_', 20, 1724311207),
('user_22_', 22, 1725684457),
('user_2_', 2, 1692696312),
('user_4_', 4, 1691396411);

-- --------------------------------------------------------

--
-- Table structure for table `auth_item`
--

DROP TABLE IF EXISTS `auth_item`;
CREATE TABLE IF NOT EXISTS `auth_item` (
  `name` varchar(64) NOT NULL,
  `type` int NOT NULL,
  `description` text,
  `rule_name` varchar(64) DEFAULT NULL,
  `data` text,
  `created_at` int DEFAULT NULL,
  `updated_at` int DEFAULT NULL,
  `group_code` varchar(64) DEFAULT NULL,
  PRIMARY KEY (`name`),
  KEY `rule_name` (`rule_name`),
  KEY `idx-auth_item-type` (`type`),
  KEY `fk_auth_item_group_code` (`group_code`)
) ENGINE=InnoDB DEFAULT CHARSET=utf8mb3;

--
-- Dumping data for table `auth_item`
--

INSERT INTO `auth_item` (`name`, `type`, `description`, `rule_name`, `data`, `created_at`, `updated_at`, `group_code`) VALUES
('/*', 3, NULL, NULL, NULL, 1689001075, 1689001075, NULL),
('/baotri/*', 3, NULL, NULL, NULL, 1691110097, 1691110097, NULL),
('/baotri/default/*', 3, NULL, NULL, NULL, 1691110097, 1691110097, NULL),
('/baotri/default/index', 3, NULL, NULL, NULL, 1691110097, 1691110097, NULL),
('/baotri/ke-hoach-bao-tri/*', 3, NULL, NULL, NULL, 1691110097, 1691110097, NULL),
('/baotri/ke-hoach-bao-tri/bulkdelete', 3, NULL, NULL, NULL, 1691110097, 1691110097, NULL),
('/baotri/ke-hoach-bao-tri/create', 3, NULL, NULL, NULL, 1691110097, 1691110097, NULL),
('/baotri/ke-hoach-bao-tri/delete', 3, NULL, NULL, NULL, 1691110097, 1691110097, NULL),
('/baotri/ke-hoach-bao-tri/index', 3, NULL, NULL, NULL, 1691110097, 1691110097, NULL),
('/baotri/ke-hoach-bao-tri/tao-phieu-bao-tri', 3, NULL, NULL, NULL, 1719540323, 1719540323, NULL),
('/baotri/ke-hoach-bao-tri/update', 3, NULL, NULL, NULL, 1691110097, 1691110097, NULL),
('/baotri/ke-hoach-bao-tri/view', 3, NULL, NULL, NULL, 1691110097, 1691110097, NULL),
('/baotri/lich-bao-tri/*', 3, NULL, NULL, NULL, 1691110097, 1691110097, NULL),
('/baotri/lich-bao-tri/baotri', 3, NULL, NULL, NULL, 1719540323, 1719540323, NULL),
('/baotri/lich-bao-tri/index', 3, NULL, NULL, NULL, 1691110097, 1691110097, NULL),
('/baotri/lich-bao-tri/test', 3, NULL, NULL, NULL, 1719540323, 1719540323, NULL),
('/baotri/lich-bao-tri/view', 3, NULL, NULL, NULL, 1719540323, 1719540323, NULL),
('/baotri/loai-bao-tri/*', 3, NULL, NULL, NULL, 1691110097, 1691110097, NULL),
('/baotri/loai-bao-tri/bulkdelete', 3, NULL, NULL, NULL, 1691110097, 1691110097, NULL),
('/baotri/loai-bao-tri/create', 3, NULL, NULL, NULL, 1691110097, 1691110097, NULL),
('/baotri/loai-bao-tri/delete', 3, NULL, NULL, NULL, 1691110097, 1691110097, NULL),
('/baotri/loai-bao-tri/index', 3, NULL, NULL, NULL, 1691110097, 1691110097, NULL),
('/baotri/loai-bao-tri/update', 3, NULL, NULL, NULL, 1691110097, 1691110097, NULL),
('/baotri/loai-bao-tri/view', 3, NULL, NULL, NULL, 1691110097, 1691110097, NULL),
('/baotri/phieu-bao-tri/*', 3, NULL, NULL, NULL, 1719540323, 1719540323, NULL),
('/baotri/phieu-bao-tri/bulkdelete', 3, NULL, NULL, NULL, 1719540323, 1719540323, NULL),
('/baotri/phieu-bao-tri/create', 3, NULL, NULL, NULL, 1719540323, 1719540323, NULL),
('/baotri/phieu-bao-tri/delete', 3, NULL, NULL, NULL, 1719540323, 1719540323, NULL),
('/baotri/phieu-bao-tri/get-phieu-bao-tri-in-ajax', 3, NULL, NULL, NULL, 1719540323, 1719540323, NULL),
('/baotri/phieu-bao-tri/index', 3, NULL, NULL, NULL, 1719540323, 1719540323, NULL),
('/baotri/phieu-bao-tri/update', 3, NULL, NULL, NULL, 1719540323, 1719540323, NULL),
('/baotri/phieu-bao-tri/view', 3, NULL, NULL, NULL, 1719540323, 1719540323, NULL),
('/bophan/*', 3, NULL, NULL, NULL, 1691110097, 1691110097, NULL),
('/bophan/bo-phan/*', 3, NULL, NULL, NULL, 1691110097, 1691110097, NULL),
('/bophan/bo-phan/bulkdelete', 3, NULL, NULL, NULL, 1691110097, 1691110097, NULL),
('/bophan/bo-phan/create', 3, NULL, NULL, NULL, 1691110097, 1691110097, NULL),
('/bophan/bo-phan/delete', 3, NULL, NULL, NULL, 1691110097, 1691110097, NULL),
('/bophan/bo-phan/index', 3, NULL, NULL, NULL, 1691110097, 1691110097, NULL),
('/bophan/bo-phan/update', 3, NULL, NULL, NULL, 1691110097, 1691110097, NULL),
('/bophan/bo-phan/view', 3, NULL, NULL, NULL, 1691110097, 1691110097, NULL),
('/bophan/default/*', 3, NULL, NULL, NULL, 1691110097, 1691110097, NULL),
('/bophan/default/index', 3, NULL, NULL, NULL, 1691110097, 1691110097, NULL),
('/bophan/dm-dv-bao-gia/*', 3, NULL, NULL, NULL, 1720401014, 1720401014, NULL),
('/bophan/dm-dv-bao-gia/bulkdelete', 3, NULL, NULL, NULL, 1720401014, 1720401014, NULL),
('/bophan/dm-dv-bao-gia/create', 3, NULL, NULL, NULL, 1720401014, 1720401014, NULL),
('/bophan/dm-dv-bao-gia/delete', 3, NULL, NULL, NULL, 1720401014, 1720401014, NULL),
('/bophan/dm-dv-bao-gia/index', 3, NULL, NULL, NULL, 1720401014, 1720401014, NULL),
('/bophan/dm-dv-bao-gia/update', 3, NULL, NULL, NULL, 1720401014, 1720401014, NULL),
('/bophan/dm-dv-bao-gia/view', 3, NULL, NULL, NULL, 1720401014, 1720401014, NULL),
('/bophan/doi-tac/*', 3, NULL, NULL, NULL, 1691110097, 1691110097, NULL),
('/bophan/doi-tac/bulkdelete', 3, NULL, NULL, NULL, 1691110097, 1691110097, NULL),
('/bophan/doi-tac/create', 3, NULL, NULL, NULL, 1691110097, 1691110097, NULL),
('/bophan/doi-tac/delete', 3, NULL, NULL, NULL, 1691110097, 1691110097, NULL),
('/bophan/doi-tac/index', 3, NULL, NULL, NULL, 1691110097, 1691110097, NULL),
('/bophan/doi-tac/update', 3, NULL, NULL, NULL, 1691110097, 1691110097, NULL),
('/bophan/doi-tac/view', 3, NULL, NULL, NULL, 1691110097, 1691110097, NULL),
('/bophan/nhan-vien/*', 3, NULL, NULL, NULL, 1691110097, 1691110097, NULL),
('/bophan/nhan-vien/bulkdelete', 3, NULL, NULL, NULL, 1691110097, 1691110097, NULL),
('/bophan/nhan-vien/create', 3, NULL, NULL, NULL, 1691110097, 1691110097, NULL),
('/bophan/nhan-vien/delete', 3, NULL, NULL, NULL, 1691110097, 1691110097, NULL),
('/bophan/nhan-vien/index', 3, NULL, NULL, NULL, 1691110097, 1691110097, NULL),
('/bophan/nhan-vien/update', 3, NULL, NULL, NULL, 1691110097, 1691110097, NULL),
('/bophan/nhan-vien/view', 3, NULL, NULL, NULL, 1691110097, 1691110097, NULL),
('/bophan/nhom-doi-tac/*', 3, NULL, NULL, NULL, 1691110097, 1691110097, NULL),
('/bophan/nhom-doi-tac/bulkdelete', 3, NULL, NULL, NULL, 1691110097, 1691110097, NULL),
('/bophan/nhom-doi-tac/create', 3, NULL, NULL, NULL, 1691110097, 1691110097, NULL),
('/bophan/nhom-doi-tac/delete', 3, NULL, NULL, NULL, 1691110097, 1691110097, NULL),
('/bophan/nhom-doi-tac/index', 3, NULL, NULL, NULL, 1691110097, 1691110097, NULL),
('/bophan/nhom-doi-tac/update', 3, NULL, NULL, NULL, 1691110097, 1691110097, NULL),
('/bophan/nhom-doi-tac/view', 3, NULL, NULL, NULL, 1691110097, 1691110097, NULL),
('/dungchung/*', 3, NULL, NULL, NULL, 1691110097, 1691110097, NULL),
('/dungchung/default/*', 3, NULL, NULL, NULL, 1691110097, 1691110097, NULL),
('/dungchung/default/index', 3, NULL, NULL, NULL, 1691110097, 1691110097, NULL),
('/dungchung/hinh-anh/*', 3, NULL, NULL, NULL, 1691110097, 1691110097, NULL),
('/dungchung/hinh-anh/bulkdelete', 3, NULL, NULL, NULL, 1691110097, 1691110097, NULL),
('/dungchung/hinh-anh/create', 3, NULL, NULL, NULL, 1691110097, 1691110097, NULL),
('/dungchung/hinh-anh/create-outer', 3, NULL, NULL, NULL, 1691110097, 1691110097, NULL),
('/dungchung/hinh-anh/delete', 3, NULL, NULL, NULL, 1691110097, 1691110097, NULL),
('/dungchung/hinh-anh/delete-outer', 3, NULL, NULL, NULL, 1691110097, 1691110097, NULL),
('/dungchung/hinh-anh/index', 3, NULL, NULL, NULL, 1691110097, 1691110097, NULL),
('/dungchung/hinh-anh/update', 3, NULL, NULL, NULL, 1691110097, 1691110097, NULL),
('/dungchung/hinh-anh/update-outer', 3, NULL, NULL, NULL, 1691110097, 1691110097, NULL),
('/dungchung/hinh-anh/view', 3, NULL, NULL, NULL, 1691110097, 1691110097, NULL),
('/dungchung/history/*', 3, NULL, NULL, NULL, 1691110097, 1691110097, NULL),
('/dungchung/history/bulkdelete', 3, NULL, NULL, NULL, 1691110097, 1691110097, NULL),
('/dungchung/history/create', 3, NULL, NULL, NULL, 1691110097, 1691110097, NULL),
('/dungchung/history/delete', 3, NULL, NULL, NULL, 1691110097, 1691110097, NULL),
('/dungchung/history/index', 3, NULL, NULL, NULL, 1691110097, 1691110097, NULL),
('/dungchung/history/update', 3, NULL, NULL, NULL, 1691110097, 1691110097, NULL),
('/dungchung/history/view', 3, NULL, NULL, NULL, 1691110097, 1691110097, NULL),
('/dungchung/import/*', 3, NULL, NULL, NULL, 1691110097, 1691110097, NULL),
('/dungchung/import/import', 3, NULL, NULL, NULL, 1691110097, 1691110097, NULL),
('/dungchung/import/upload', 3, NULL, NULL, NULL, 1691110097, 1691110097, NULL),
('/dungchung/tai-lieu/*', 3, NULL, NULL, NULL, 1691110097, 1691110097, NULL),
('/dungchung/tai-lieu/bulkdelete', 3, NULL, NULL, NULL, 1691110097, 1691110097, NULL),
('/dungchung/tai-lieu/create', 3, NULL, NULL, NULL, 1691110097, 1691110097, NULL),
('/dungchung/tai-lieu/create-outer', 3, NULL, NULL, NULL, 1691110097, 1691110097, NULL),
('/dungchung/tai-lieu/delete', 3, NULL, NULL, NULL, 1691110097, 1691110097, NULL),
('/dungchung/tai-lieu/delete-outer', 3, NULL, NULL, NULL, 1691110097, 1691110097, NULL),
('/dungchung/tai-lieu/index', 3, NULL, NULL, NULL, 1691110097, 1691110097, NULL),
('/dungchung/tai-lieu/update', 3, NULL, NULL, NULL, 1691110097, 1691110097, NULL),
('/dungchung/tai-lieu/update-outer', 3, NULL, NULL, NULL, 1691110097, 1691110097, NULL),
('/dungchung/tai-lieu/view', 3, NULL, NULL, NULL, 1691110097, 1691110097, NULL),
('/gii/*', 3, NULL, NULL, NULL, 1689001075, 1689001075, NULL),
('/gii/default/*', 3, NULL, NULL, NULL, 1689001075, 1689001075, NULL),
('/gii/default/action', 3, NULL, NULL, NULL, 1689001075, 1689001075, NULL),
('/gii/default/diff', 3, NULL, NULL, NULL, 1689001075, 1689001075, NULL),
('/gii/default/index', 3, NULL, NULL, NULL, 1689001075, 1689001075, NULL),
('/gii/default/preview', 3, NULL, NULL, NULL, 1689001075, 1689001075, NULL),
('/gii/default/view', 3, NULL, NULL, NULL, 1689001075, 1689001075, NULL),
('/gridview/*', 3, NULL, NULL, NULL, 1724119120, 1724119120, NULL),
('/gridview/export/*', 3, NULL, NULL, NULL, 1724119120, 1724119120, NULL),
('/gridview/export/download', 3, NULL, NULL, NULL, 1724119120, 1724119120, NULL),
('/gridview/grid-edited-row/*', 3, NULL, NULL, NULL, 1724119120, 1724119120, NULL),
('/gridview/grid-edited-row/back', 3, NULL, NULL, NULL, 1724119120, 1724119120, NULL),
('/kholuutru/*', 3, NULL, NULL, NULL, 1691110097, 1691110097, NULL),
('/kholuutru/default/*', 3, NULL, NULL, NULL, 1691110097, 1691110097, NULL),
('/kholuutru/default/index', 3, NULL, NULL, NULL, 1691110097, 1691110097, NULL),
('/kholuutru/depdrop/*', 3, NULL, NULL, NULL, 1691110097, 1691110097, NULL),
('/kholuutru/depdrop/get-nhan-vien', 3, NULL, NULL, NULL, 1691110097, 1691110097, NULL),
('/kholuutru/dm-vat-tu/*', 3, NULL, NULL, NULL, 1719540323, 1719540323, NULL),
('/kholuutru/dm-vat-tu/bulkdelete', 3, NULL, NULL, NULL, 1719540323, 1719540323, NULL),
('/kholuutru/dm-vat-tu/create', 3, NULL, NULL, NULL, 1719540323, 1719540323, NULL),
('/kholuutru/dm-vat-tu/delete', 3, NULL, NULL, NULL, 1719540323, 1719540323, NULL),
('/kholuutru/dm-vat-tu/index', 3, NULL, NULL, NULL, 1719540323, 1719540323, NULL),
('/kholuutru/dm-vat-tu/update', 3, NULL, NULL, NULL, 1719540323, 1719540323, NULL),
('/kholuutru/dm-vat-tu/view', 3, NULL, NULL, NULL, 1719540323, 1719540323, NULL),
('/kholuutru/kho/*', 3, NULL, NULL, NULL, 1691110097, 1691110097, NULL),
('/kholuutru/kho/bulkdelete', 3, NULL, NULL, NULL, 1691110097, 1691110097, NULL),
('/kholuutru/kho/create', 3, NULL, NULL, NULL, 1691110097, 1691110097, NULL),
('/kholuutru/kho/delete', 3, NULL, NULL, NULL, 1691110097, 1691110097, NULL),
('/kholuutru/kho/get-vat-tu-list', 3, NULL, NULL, NULL, 1719540323, 1719540323, NULL),
('/kholuutru/kho/index', 3, NULL, NULL, NULL, 1691110097, 1691110097, NULL),
('/kholuutru/kho/update', 3, NULL, NULL, NULL, 1691110097, 1691110097, NULL),
('/kholuutru/kho/view', 3, NULL, NULL, NULL, 1691110097, 1691110097, NULL),
('/kholuutru/lich-su-vat-tu/*', 3, NULL, NULL, NULL, 1719540323, 1719540323, NULL),
('/kholuutru/lich-su-vat-tu/bulkdelete', 3, NULL, NULL, NULL, 1719540323, 1719540323, NULL),
('/kholuutru/lich-su-vat-tu/create', 3, NULL, NULL, NULL, 1719540323, 1719540323, NULL),
('/kholuutru/lich-su-vat-tu/delete', 3, NULL, NULL, NULL, 1719540323, 1719540323, NULL),
('/kholuutru/lich-su-vat-tu/index', 3, NULL, NULL, NULL, 1719540323, 1719540323, NULL),
('/kholuutru/lich-su-vat-tu/update', 3, NULL, NULL, NULL, 1719540323, 1719540323, NULL),
('/kholuutru/lich-su-vat-tu/view', 3, NULL, NULL, NULL, 1719540323, 1719540323, NULL),
('/muasam/*', 3, NULL, NULL, NULL, 1719540322, 1719540322, NULL),
('/muasam/bao-gia-mua-sam/*', 3, NULL, NULL, NULL, 1719540323, 1719540323, NULL),
('/muasam/bao-gia-mua-sam/bulkdelete', 3, NULL, NULL, NULL, 1719540323, 1719540323, NULL),
('/muasam/bao-gia-mua-sam/create', 3, NULL, NULL, NULL, 1719540323, 1719540323, NULL),
('/muasam/bao-gia-mua-sam/delete', 3, NULL, NULL, NULL, 1719540323, 1719540323, NULL),
('/muasam/bao-gia-mua-sam/index', 3, NULL, NULL, NULL, 1719540323, 1719540323, NULL),
('/muasam/bao-gia-mua-sam/update', 3, NULL, NULL, NULL, 1719540323, 1719540323, NULL),
('/muasam/bao-gia-mua-sam/update-content', 3, NULL, NULL, NULL, 1724119120, 1724119120, NULL),
('/muasam/bao-gia-mua-sam/view', 3, NULL, NULL, NULL, 1719540323, 1719540323, NULL),
('/muasam/ct-bao-gia-mua-sam-vt/*', 3, NULL, NULL, NULL, 1721100951, 1721100951, NULL),
('/muasam/ct-bao-gia-mua-sam-vt/bulkdelete', 3, NULL, NULL, NULL, 1721100951, 1721100951, NULL),
('/muasam/ct-bao-gia-mua-sam-vt/create', 3, NULL, NULL, NULL, 1721100951, 1721100951, NULL),
('/muasam/ct-bao-gia-mua-sam-vt/delete', 3, NULL, NULL, NULL, 1721100951, 1721100951, NULL),
('/muasam/ct-bao-gia-mua-sam-vt/index', 3, NULL, NULL, NULL, 1721100951, 1721100951, NULL),
('/muasam/ct-bao-gia-mua-sam-vt/update', 3, NULL, NULL, NULL, 1721100951, 1721100951, NULL),
('/muasam/ct-bao-gia-mua-sam-vt/view', 3, NULL, NULL, NULL, 1721100951, 1721100951, NULL),
('/muasam/ct-bao-gia-mua-sam/*', 3, NULL, NULL, NULL, 1719540323, 1719540323, NULL),
('/muasam/ct-bao-gia-mua-sam/bulkdelete', 3, NULL, NULL, NULL, 1719540323, 1719540323, NULL),
('/muasam/ct-bao-gia-mua-sam/create', 3, NULL, NULL, NULL, 1719540323, 1719540323, NULL),
('/muasam/ct-bao-gia-mua-sam/delete', 3, NULL, NULL, NULL, 1719540323, 1719540323, NULL),
('/muasam/ct-bao-gia-mua-sam/index', 3, NULL, NULL, NULL, 1719540323, 1719540323, NULL),
('/muasam/ct-bao-gia-mua-sam/update', 3, NULL, NULL, NULL, 1719540323, 1719540323, NULL),
('/muasam/ct-bao-gia-mua-sam/view', 3, NULL, NULL, NULL, 1719540323, 1719540323, NULL),
('/muasam/ct-phieu-mua-sam-vt/*', 3, NULL, NULL, NULL, 1721100951, 1721100951, NULL),
('/muasam/ct-phieu-mua-sam-vt/bulkdelete', 3, NULL, NULL, NULL, 1721100951, 1721100951, NULL),
('/muasam/ct-phieu-mua-sam-vt/create', 3, NULL, NULL, NULL, 1721100951, 1721100951, NULL),
('/muasam/ct-phieu-mua-sam-vt/delete', 3, NULL, NULL, NULL, 1721100951, 1721100951, NULL),
('/muasam/ct-phieu-mua-sam-vt/index', 3, NULL, NULL, NULL, 1721100951, 1721100951, NULL),
('/muasam/ct-phieu-mua-sam-vt/update', 3, NULL, NULL, NULL, 1721100951, 1721100951, NULL),
('/muasam/ct-phieu-mua-sam-vt/view', 3, NULL, NULL, NULL, 1721100951, 1721100951, NULL),
('/muasam/ct-phieu-mua-sam/*', 3, NULL, NULL, NULL, 1719540322, 1719540322, NULL),
('/muasam/ct-phieu-mua-sam/bulkdelete', 3, NULL, NULL, NULL, 1719540322, 1719540322, NULL),
('/muasam/ct-phieu-mua-sam/create', 3, NULL, NULL, NULL, 1719540323, 1719540323, NULL),
('/muasam/ct-phieu-mua-sam/delete', 3, NULL, NULL, NULL, 1719540322, 1719540322, NULL),
('/muasam/ct-phieu-mua-sam/index', 3, NULL, NULL, NULL, 1719540323, 1719540323, NULL),
('/muasam/ct-phieu-mua-sam/update', 3, NULL, NULL, NULL, 1719540322, 1719540322, NULL),
('/muasam/ct-phieu-mua-sam/view', 3, NULL, NULL, NULL, 1719540323, 1719540323, NULL),
('/muasam/ct-phieu-nhap-hang-vt/*', 3, NULL, NULL, NULL, 1721100951, 1721100951, NULL),
('/muasam/ct-phieu-nhap-hang-vt/bulkdelete', 3, NULL, NULL, NULL, 1721100951, 1721100951, NULL),
('/muasam/ct-phieu-nhap-hang-vt/create', 3, NULL, NULL, NULL, 1721100951, 1721100951, NULL),
('/muasam/ct-phieu-nhap-hang-vt/delete', 3, NULL, NULL, NULL, 1721100951, 1721100951, NULL),
('/muasam/ct-phieu-nhap-hang-vt/index', 3, NULL, NULL, NULL, 1721100951, 1721100951, NULL),
('/muasam/ct-phieu-nhap-hang-vt/update', 3, NULL, NULL, NULL, 1721100951, 1721100951, NULL),
('/muasam/ct-phieu-nhap-hang-vt/view', 3, NULL, NULL, NULL, 1721100951, 1721100951, NULL),
('/muasam/ct-phieu-nhap-hang/*', 3, NULL, NULL, NULL, 1719540322, 1719540322, NULL),
('/muasam/ct-phieu-nhap-hang/bulkdelete', 3, NULL, NULL, NULL, 1719540322, 1719540322, NULL),
('/muasam/ct-phieu-nhap-hang/create', 3, NULL, NULL, NULL, 1719540322, 1719540322, NULL),
('/muasam/ct-phieu-nhap-hang/delete', 3, NULL, NULL, NULL, 1719540322, 1719540322, NULL),
('/muasam/ct-phieu-nhap-hang/index', 3, NULL, NULL, NULL, 1719540322, 1719540322, NULL),
('/muasam/ct-phieu-nhap-hang/update', 3, NULL, NULL, NULL, 1719540322, 1719540322, NULL),
('/muasam/ct-phieu-nhap-hang/view', 3, NULL, NULL, NULL, 1719540322, 1719540322, NULL),
('/muasam/default/*', 3, NULL, NULL, NULL, 1719540322, 1719540322, NULL),
('/muasam/default/index', 3, NULL, NULL, NULL, 1719540322, 1719540322, NULL),
('/muasam/phieu-mua-sam/*', 3, NULL, NULL, NULL, 1719540322, 1719540322, NULL),
('/muasam/phieu-mua-sam/bulkdelete', 3, NULL, NULL, NULL, 1719540322, 1719540322, NULL),
('/muasam/phieu-mua-sam/chi-tiet-phieu-mua-sam', 3, NULL, NULL, NULL, 1719540322, 1719540322, NULL),
('/muasam/phieu-mua-sam/create', 3, NULL, NULL, NULL, 1719540322, 1719540322, NULL),
('/muasam/phieu-mua-sam/create-vt', 3, NULL, NULL, NULL, 1721100951, 1721100951, NULL),
('/muasam/phieu-mua-sam/delete', 3, NULL, NULL, NULL, 1719540322, 1719540322, NULL),
('/muasam/phieu-mua-sam/duyet-phieu-mua-sam', 3, NULL, NULL, NULL, 1720401014, 1720401014, NULL),
('/muasam/phieu-mua-sam/gui-bao-gia', 3, NULL, NULL, NULL, 1720401014, 1720401014, NULL),
('/muasam/phieu-mua-sam/index', 3, NULL, NULL, NULL, 1719540322, 1719540322, NULL),
('/muasam/phieu-mua-sam/list-mua-sam-vat-tu', 3, NULL, NULL, NULL, 1721100951, 1721100951, NULL),
('/muasam/phieu-mua-sam/update', 3, NULL, NULL, NULL, 1719540322, 1719540322, NULL),
('/muasam/phieu-mua-sam/view', 3, NULL, NULL, NULL, 1719540322, 1719540322, NULL),
('/muasam/phieu-nhap-hang/*', 3, NULL, NULL, NULL, 1719540322, 1719540322, NULL),
('/muasam/phieu-nhap-hang/bulkdelete', 3, NULL, NULL, NULL, 1719540322, 1719540322, NULL),
('/muasam/phieu-nhap-hang/create', 3, NULL, NULL, NULL, 1719540322, 1719540322, NULL),
('/muasam/phieu-nhap-hang/delete', 3, NULL, NULL, NULL, 1719540322, 1719540322, NULL),
('/muasam/phieu-nhap-hang/index', 3, NULL, NULL, NULL, 1719540322, 1719540322, NULL),
('/muasam/phieu-nhap-hang/update', 3, NULL, NULL, NULL, 1719540322, 1719540322, NULL),
('/muasam/phieu-nhap-hang/view', 3, NULL, NULL, NULL, 1719540322, 1719540322, NULL),
('/site/*', 3, NULL, NULL, NULL, 1724119120, 1724119120, NULL),
('/site/about', 3, NULL, NULL, NULL, 1724119120, 1724119120, NULL),
('/site/captcha', 3, NULL, NULL, NULL, 1724119120, 1724119120, NULL),
('/site/contact', 3, NULL, NULL, NULL, 1724119120, 1724119120, NULL),
('/site/error', 3, NULL, NULL, NULL, 1724119120, 1724119120, NULL),
('/site/index', 3, NULL, NULL, NULL, 1724119120, 1724119120, NULL),
('/site/login', 3, NULL, NULL, NULL, 1724119120, 1724119120, NULL),
('/site/logout', 3, NULL, NULL, NULL, 1724119120, 1724119120, NULL),
('/suachua/*', 3, NULL, NULL, NULL, 1719540323, 1719540323, NULL),
('/suachua/bao-gia-sua-chua/*', 3, NULL, NULL, NULL, 1719540323, 1719540323, NULL),
('/suachua/bao-gia-sua-chua/bulkdelete', 3, NULL, NULL, NULL, 1719540323, 1719540323, NULL),
('/suachua/bao-gia-sua-chua/create', 3, NULL, NULL, NULL, 1719540323, 1719540323, NULL),
('/suachua/bao-gia-sua-chua/delete', 3, NULL, NULL, NULL, 1719540323, 1719540323, NULL),
('/suachua/bao-gia-sua-chua/index', 3, NULL, NULL, NULL, 1719540323, 1719540323, NULL),
('/suachua/bao-gia-sua-chua/update', 3, NULL, NULL, NULL, 1719540323, 1719540323, NULL),
('/suachua/bao-gia-sua-chua/view', 3, NULL, NULL, NULL, 1719540323, 1719540323, NULL),
('/suachua/ct-bao-gia-sua-chua/*', 3, NULL, NULL, NULL, 1719540323, 1719540323, NULL),
('/suachua/ct-bao-gia-sua-chua/bulkdelete', 3, NULL, NULL, NULL, 1719540323, 1719540323, NULL),
('/suachua/ct-bao-gia-sua-chua/create', 3, NULL, NULL, NULL, 1719540323, 1719540323, NULL),
('/suachua/ct-bao-gia-sua-chua/delete', 3, NULL, NULL, NULL, 1719540323, 1719540323, NULL),
('/suachua/ct-bao-gia-sua-chua/index', 3, NULL, NULL, NULL, 1719540323, 1719540323, NULL),
('/suachua/ct-bao-gia-sua-chua/update', 3, NULL, NULL, NULL, 1719540323, 1719540323, NULL),
('/suachua/ct-bao-gia-sua-chua/view', 3, NULL, NULL, NULL, 1719540323, 1719540323, NULL),
('/suachua/default/*', 3, NULL, NULL, NULL, 1719540323, 1719540323, NULL),
('/suachua/default/index', 3, NULL, NULL, NULL, 1719540323, 1719540323, NULL),
('/suachua/dm-tt-sua-chua/*', 3, NULL, NULL, NULL, 1719540323, 1719540323, NULL),
('/suachua/dm-tt-sua-chua/bulkdelete', 3, NULL, NULL, NULL, 1719540323, 1719540323, NULL),
('/suachua/dm-tt-sua-chua/create', 3, NULL, NULL, NULL, 1719540323, 1719540323, NULL),
('/suachua/dm-tt-sua-chua/delete', 3, NULL, NULL, NULL, 1719540323, 1719540323, NULL),
('/suachua/dm-tt-sua-chua/index', 3, NULL, NULL, NULL, 1719540323, 1719540323, NULL),
('/suachua/dm-tt-sua-chua/update', 3, NULL, NULL, NULL, 1719540323, 1719540323, NULL),
('/suachua/dm-tt-sua-chua/view', 3, NULL, NULL, NULL, 1719540323, 1719540323, NULL),
('/suachua/phieu-sua-chua-vat-tu/*', 3, NULL, NULL, NULL, 1719540323, 1719540323, NULL),
('/suachua/phieu-sua-chua-vat-tu/bulkdelete', 3, NULL, NULL, NULL, 1719540323, 1719540323, NULL),
('/suachua/phieu-sua-chua-vat-tu/create', 3, NULL, NULL, NULL, 1719540323, 1719540323, NULL),
('/suachua/phieu-sua-chua-vat-tu/create2', 3, NULL, NULL, NULL, 1721100951, 1721100951, NULL),
('/suachua/phieu-sua-chua-vat-tu/delete', 3, NULL, NULL, NULL, 1719540323, 1719540323, NULL),
('/suachua/phieu-sua-chua-vat-tu/index', 3, NULL, NULL, NULL, 1719540323, 1719540323, NULL),
('/suachua/phieu-sua-chua-vat-tu/update', 3, NULL, NULL, NULL, 1719540323, 1719540323, NULL),
('/suachua/phieu-sua-chua-vat-tu/update2', 3, NULL, NULL, NULL, 1721100951, 1721100951, NULL),
('/suachua/phieu-sua-chua-vat-tu/view', 3, NULL, NULL, NULL, 1719540323, 1719540323, NULL),
('/suachua/phieu-sua-chua/*', 3, NULL, NULL, NULL, 1719540323, 1719540323, NULL),
('/suachua/phieu-sua-chua/bulkdelete', 3, NULL, NULL, NULL, 1719540323, 1719540323, NULL),
('/suachua/phieu-sua-chua/chi-tiet-phieu-sua-chua', 3, NULL, NULL, NULL, 1719540323, 1719540323, NULL),
('/suachua/phieu-sua-chua/create', 3, NULL, NULL, NULL, 1719540323, 1719540323, NULL),
('/suachua/phieu-sua-chua/delete', 3, NULL, NULL, NULL, 1719540323, 1719540323, NULL),
('/suachua/phieu-sua-chua/index', 3, NULL, NULL, NULL, 1719540323, 1719540323, NULL),
('/suachua/phieu-sua-chua/print-phieu-xuat-kho-view', 3, NULL, NULL, NULL, 1720401014, 1720401014, NULL),
('/suachua/phieu-sua-chua/print-view', 3, NULL, NULL, NULL, 1719540323, 1719540323, NULL),
('/suachua/phieu-sua-chua/update', 3, NULL, NULL, NULL, 1719540323, 1719540323, NULL),
('/suachua/phieu-sua-chua/view', 3, NULL, NULL, NULL, 1719540323, 1719540323, NULL),
('/taisan/*', 3, NULL, NULL, NULL, 1691110097, 1691110097, NULL),
('/taisan/default/*', 3, NULL, NULL, NULL, 1691110097, 1691110097, NULL),
('/taisan/default/index', 3, NULL, NULL, NULL, 1691110097, 1691110097, NULL),
('/taisan/gui-yeu-cau-van-hanh/*', 3, NULL, NULL, NULL, 1719540323, 1719540323, NULL),
('/taisan/gui-yeu-cau-van-hanh/bulkdelete', 3, NULL, NULL, NULL, 1719540323, 1719540323, NULL),
('/taisan/gui-yeu-cau-van-hanh/create', 3, NULL, NULL, NULL, 1719540323, 1719540323, NULL),
('/taisan/gui-yeu-cau-van-hanh/delete', 3, NULL, NULL, NULL, 1719540323, 1719540323, NULL),
('/taisan/gui-yeu-cau-van-hanh/index', 3, NULL, NULL, NULL, 1719540323, 1719540323, NULL),
('/taisan/gui-yeu-cau-van-hanh/send-request', 3, NULL, NULL, NULL, 1719540323, 1719540323, NULL),
('/taisan/gui-yeu-cau-van-hanh/update', 3, NULL, NULL, NULL, 1719540323, 1719540323, NULL),
('/taisan/gui-yeu-cau-van-hanh/view', 3, NULL, NULL, NULL, 1719540323, 1719540323, NULL),
('/taisan/he-thong/*', 3, NULL, NULL, NULL, 1691110097, 1691110097, NULL),
('/taisan/he-thong/bulkdelete', 3, NULL, NULL, NULL, 1691110097, 1691110097, NULL),
('/taisan/he-thong/create', 3, NULL, NULL, NULL, 1691110097, 1691110097, NULL),
('/taisan/he-thong/delete', 3, NULL, NULL, NULL, 1691110097, 1691110097, NULL),
('/taisan/he-thong/index', 3, NULL, NULL, NULL, 1691110097, 1691110097, NULL),
('/taisan/he-thong/list-thiet-bi', 3, NULL, NULL, NULL, 1691110097, 1691110097, NULL),
('/taisan/he-thong/update', 3, NULL, NULL, NULL, 1691110097, 1691110097, NULL),
('/taisan/he-thong/view', 3, NULL, NULL, NULL, 1691110097, 1691110097, NULL),
('/taisan/loai-thiet-bi/*', 3, NULL, NULL, NULL, 1691110097, 1691110097, NULL),
('/taisan/loai-thiet-bi/bulkdelete', 3, NULL, NULL, NULL, 1691110097, 1691110097, NULL),
('/taisan/loai-thiet-bi/create', 3, NULL, NULL, NULL, 1691110097, 1691110097, NULL),
('/taisan/loai-thiet-bi/delete', 3, NULL, NULL, NULL, 1691110097, 1691110097, NULL),
('/taisan/loai-thiet-bi/index', 3, NULL, NULL, NULL, 1691110097, 1691110097, NULL),
('/taisan/loai-thiet-bi/update', 3, NULL, NULL, NULL, 1691110097, 1691110097, NULL),
('/taisan/loai-thiet-bi/view', 3, NULL, NULL, NULL, 1691110097, 1691110097, NULL),
('/taisan/phe-duyet-yeu-cau-van-hanh/*', 3, NULL, NULL, NULL, 1719540323, 1719540323, NULL),
('/taisan/phe-duyet-yeu-cau-van-hanh/approve', 3, NULL, NULL, NULL, 1719540323, 1719540323, NULL),
('/taisan/phe-duyet-yeu-cau-van-hanh/bulkdelete', 3, NULL, NULL, NULL, 1719540323, 1719540323, NULL),
('/taisan/phe-duyet-yeu-cau-van-hanh/delete', 3, NULL, NULL, NULL, 1719540323, 1719540323, NULL),
('/taisan/phe-duyet-yeu-cau-van-hanh/index', 3, NULL, NULL, NULL, 1719540323, 1719540323, NULL),
('/taisan/phe-duyet-yeu-cau-van-hanh/print-view', 3, NULL, NULL, NULL, 1724119120, 1724119120, NULL),
('/taisan/phe-duyet-yeu-cau-van-hanh/update', 3, NULL, NULL, NULL, 1719540323, 1719540323, NULL),
('/taisan/phe-duyet-yeu-cau-van-hanh/view', 3, NULL, NULL, NULL, 1719540323, 1719540323, NULL),
('/taisan/phieu-tra-thiet-bi/*', 3, NULL, NULL, NULL, 1719540323, 1719540323, NULL),
('/taisan/phieu-tra-thiet-bi/bulkdelete', 3, NULL, NULL, NULL, 1719540323, 1719540323, NULL),
('/taisan/phieu-tra-thiet-bi/create', 3, NULL, NULL, NULL, 1719540323, 1719540323, NULL),
('/taisan/phieu-tra-thiet-bi/delete', 3, NULL, NULL, NULL, 1719540323, 1719540323, NULL),
('/taisan/phieu-tra-thiet-bi/index', 3, NULL, NULL, NULL, 1719540323, 1719540323, NULL),
('/taisan/phieu-tra-thiet-bi/update', 3, NULL, NULL, NULL, 1719540323, 1719540323, NULL),
('/taisan/phieu-tra-thiet-bi/view', 3, NULL, NULL, NULL, 1719540323, 1719540323, NULL),
('/taisan/qr/*', 3, NULL, NULL, NULL, 1691110097, 1691110097, NULL),
('/taisan/qr/in-loai', 3, NULL, NULL, NULL, 1691110097, 1691110097, NULL),
('/taisan/qr/in-qrs', 3, NULL, NULL, NULL, 1691110097, 1691110097, NULL),
('/taisan/theo-doi-van-hanh/*', 3, NULL, NULL, NULL, 1719540323, 1719540323, NULL),
('/taisan/theo-doi-van-hanh/bulkdelete', 3, NULL, NULL, NULL, 1719540323, 1719540323, NULL),
('/taisan/theo-doi-van-hanh/create', 3, NULL, NULL, NULL, 1719540323, 1719540323, NULL),
('/taisan/theo-doi-van-hanh/delete', 3, NULL, NULL, NULL, 1719540323, 1719540323, NULL),
('/taisan/theo-doi-van-hanh/events', 3, NULL, NULL, NULL, 1720401014, 1720401014, NULL),
('/taisan/theo-doi-van-hanh/index', 3, NULL, NULL, NULL, 1719540323, 1719540323, NULL),
('/taisan/theo-doi-van-hanh/update', 3, NULL, NULL, NULL, 1719540323, 1719540323, NULL),
('/taisan/theo-doi-van-hanh/view', 3, NULL, NULL, NULL, 1719540323, 1719540323, NULL),
('/taisan/thiet-bi/*', 3, NULL, NULL, NULL, 1691110097, 1691110097, NULL),
('/taisan/thiet-bi/bulkdelete', 3, NULL, NULL, NULL, 1691110097, 1691110097, NULL),
('/taisan/thiet-bi/copy', 3, NULL, NULL, NULL, 1719540323, 1719540323, NULL),
('/taisan/thiet-bi/create', 3, NULL, NULL, NULL, 1691110097, 1691110097, NULL),
('/taisan/thiet-bi/delete', 3, NULL, NULL, NULL, 1691110097, 1691110097, NULL),
('/taisan/thiet-bi/index', 3, NULL, NULL, NULL, 1691110097, 1691110097, NULL),
('/taisan/thiet-bi/index-bo-phan', 3, NULL, NULL, NULL, 1719540323, 1719540323, NULL),
('/taisan/thiet-bi/index-user', 3, NULL, NULL, NULL, 1719540323, 1719540323, NULL),
('/taisan/thiet-bi/qr-scan', 3, NULL, NULL, NULL, 1691110097, 1691110097, NULL),
('/taisan/thiet-bi/update', 3, NULL, NULL, NULL, 1691110097, 1691110097, NULL),
('/taisan/thiet-bi/view', 3, NULL, NULL, NULL, 1691110097, 1691110097, NULL),
('/taisan/vi-tri/*', 3, NULL, NULL, NULL, 1691110097, 1691110097, NULL),
('/taisan/vi-tri/bulkdelete', 3, NULL, NULL, NULL, 1691110097, 1691110097, NULL),
('/taisan/vi-tri/create', 3, NULL, NULL, NULL, 1691110097, 1691110097, NULL),
('/taisan/vi-tri/delete', 3, NULL, NULL, NULL, 1691110097, 1691110097, NULL),
('/taisan/vi-tri/index', 3, NULL, NULL, NULL, 1691110097, 1691110097, NULL),
('/taisan/vi-tri/update', 3, NULL, NULL, NULL, 1691110097, 1691110097, NULL),
('/taisan/vi-tri/view', 3, NULL, NULL, NULL, 1691110097, 1691110097, NULL),
('/taisan/xuat-yeu-cau-van-hanh/*', 3, NULL, NULL, NULL, 1719540323, 1719540323, NULL),
('/taisan/xuat-yeu-cau-van-hanh/bulkdelete', 3, NULL, NULL, NULL, 1719540323, 1719540323, NULL),
('/taisan/xuat-yeu-cau-van-hanh/create', 3, NULL, NULL, NULL, 1719540323, 1719540323, NULL),
('/taisan/xuat-yeu-cau-van-hanh/delete', 3, NULL, NULL, NULL, 1719540323, 1719540323, NULL),
('/taisan/xuat-yeu-cau-van-hanh/index', 3, NULL, NULL, NULL, 1719540323, 1719540323, NULL),
('/taisan/xuat-yeu-cau-van-hanh/operate', 3, NULL, NULL, NULL, 1719540323, 1719540323, NULL),
('/taisan/xuat-yeu-cau-van-hanh/print-view', 3, NULL, NULL, NULL, 1719540323, 1719540323, NULL),
('/taisan/xuat-yeu-cau-van-hanh/update', 3, NULL, NULL, NULL, 1719540323, 1719540323, NULL),
('/taisan/xuat-yeu-cau-van-hanh/view', 3, NULL, NULL, NULL, 1719540323, 1719540323, NULL),
('/taisan/yeu-cau-van-hanh-ct/*', 3, NULL, NULL, NULL, 1719540323, 1719540323, NULL),
('/taisan/yeu-cau-van-hanh-ct/bulkdelete', 3, NULL, NULL, NULL, 1719540323, 1719540323, NULL),
('/taisan/yeu-cau-van-hanh-ct/create', 3, NULL, NULL, NULL, 1719540323, 1719540323, NULL),
('/taisan/yeu-cau-van-hanh-ct/delete', 3, NULL, NULL, NULL, 1719540323, 1719540323, NULL),
('/taisan/yeu-cau-van-hanh-ct/index', 3, NULL, NULL, NULL, 1719540323, 1719540323, NULL),
('/taisan/yeu-cau-van-hanh-ct/update', 3, NULL, NULL, NULL, 1719540323, 1719540323, NULL),
('/taisan/yeu-cau-van-hanh-ct/view', 3, NULL, NULL, NULL, 1719540323, 1719540323, NULL),
('/taisan/yeu-cau-van-hanh/*', 3, NULL, NULL, NULL, 1719540323, 1719540323, NULL),
('/taisan/yeu-cau-van-hanh/approve', 3, NULL, NULL, NULL, 1720401014, 1720401014, NULL),
('/taisan/yeu-cau-van-hanh/bulkdelete', 3, NULL, NULL, NULL, 1719540323, 1719540323, NULL),
('/taisan/yeu-cau-van-hanh/create', 3, NULL, NULL, NULL, 1719540323, 1719540323, NULL),
('/taisan/yeu-cau-van-hanh/delete', 3, NULL, NULL, NULL, 1719540323, 1719540323, NULL),
('/taisan/yeu-cau-van-hanh/index', 3, NULL, NULL, NULL, 1719540323, 1719540323, NULL),
('/taisan/yeu-cau-van-hanh/operate', 3, NULL, NULL, NULL, 1720401014, 1720401014, NULL),
('/taisan/yeu-cau-van-hanh/pending-requests', 3, NULL, NULL, NULL, 1724119120, 1724119120, NULL),
('/taisan/yeu-cau-van-hanh/print-view', 3, NULL, NULL, NULL, 1720401014, 1720401014, NULL),
('/taisan/yeu-cau-van-hanh/send-request', 3, NULL, NULL, NULL, 1720401014, 1720401014, NULL),
('/taisan/yeu-cau-van-hanh/update', 3, NULL, NULL, NULL, 1719540323, 1719540323, NULL),
('/taisan/yeu-cau-van-hanh/view', 3, NULL, NULL, NULL, 1719540323, 1719540323, NULL),
('/user-management/*', 3, NULL, NULL, NULL, 1689001075, 1689001075, NULL),
('/user-management/auth-item-group/*', 3, NULL, NULL, NULL, 1724119120, 1724119120, NULL),
('/user-management/auth-item-group/bulk-activate', 3, NULL, NULL, NULL, 1724119120, 1724119120, NULL),
('/user-management/auth-item-group/bulk-deactivate', 3, NULL, NULL, NULL, 1724119120, 1724119120, NULL),
('/user-management/auth-item-group/bulk-delete', 3, NULL, NULL, NULL, 1724119120, 1724119120, NULL),
('/user-management/auth-item-group/create', 3, NULL, NULL, NULL, 1724119120, 1724119120, NULL),
('/user-management/auth-item-group/delete', 3, NULL, NULL, NULL, 1724119120, 1724119120, NULL),
('/user-management/auth-item-group/grid-page-size', 3, NULL, NULL, NULL, 1724119120, 1724119120, NULL),
('/user-management/auth-item-group/grid-sort', 3, NULL, NULL, NULL, 1724119120, 1724119120, NULL),
('/user-management/auth-item-group/index', 3, NULL, NULL, NULL, 1724119120, 1724119120, NULL),
('/user-management/auth-item-group/toggle-attribute', 3, NULL, NULL, NULL, 1724119120, 1724119120, NULL),
('/user-management/auth-item-group/update', 3, NULL, NULL, NULL, 1724119120, 1724119120, NULL),
('/user-management/auth-item-group/view', 3, NULL, NULL, NULL, 1724119120, 1724119120, NULL),
('/user-management/auth/*', 3, NULL, NULL, NULL, 1724119120, 1724119120, NULL),
('/user-management/auth/captcha', 3, NULL, NULL, NULL, 1724119120, 1724119120, NULL),
('/user-management/auth/change-own-password', 3, NULL, NULL, NULL, 1724119120, 1724119120, NULL),
('/user-management/auth/confirm-email', 3, NULL, NULL, NULL, 1724119120, 1724119120, NULL),
('/user-management/auth/confirm-email-receive', 3, NULL, NULL, NULL, 1724119120, 1724119120, NULL),
('/user-management/auth/confirm-registration-email', 3, NULL, NULL, NULL, 1724119120, 1724119120, NULL),
('/user-management/auth/login', 3, NULL, NULL, NULL, 1724119120, 1724119120, NULL),
('/user-management/auth/logout', 3, NULL, NULL, NULL, 1724119120, 1724119120, NULL),
('/user-management/auth/password-recovery', 3, NULL, NULL, NULL, 1724119120, 1724119120, NULL),
('/user-management/auth/password-recovery-receive', 3, NULL, NULL, NULL, 1724119120, 1724119120, NULL),
('/user-management/auth/registration', 3, NULL, NULL, NULL, 1724119120, 1724119120, NULL),
('/user-management/permission/*', 3, NULL, NULL, NULL, 1724119120, 1724119120, NULL),
('/user-management/permission/bulk-activate', 3, NULL, NULL, NULL, 1724119120, 1724119120, NULL),
('/user-management/permission/bulk-deactivate', 3, NULL, NULL, NULL, 1724119120, 1724119120, NULL),
('/user-management/permission/bulk-delete', 3, NULL, NULL, NULL, 1724119120, 1724119120, NULL),
('/user-management/permission/create', 3, NULL, NULL, NULL, 1724119120, 1724119120, NULL),
('/user-management/permission/delete', 3, NULL, NULL, NULL, 1724119120, 1724119120, NULL),
('/user-management/permission/grid-page-size', 3, NULL, NULL, NULL, 1724119120, 1724119120, NULL),
('/user-management/permission/grid-sort', 3, NULL, NULL, NULL, 1724119120, 1724119120, NULL),
('/user-management/permission/index', 3, NULL, NULL, NULL, 1724119120, 1724119120, NULL),
('/user-management/permission/refresh-routes', 3, NULL, NULL, NULL, 1724119120, 1724119120, NULL),
('/user-management/permission/set-child-permissions', 3, NULL, NULL, NULL, 1724119120, 1724119120, NULL),
('/user-management/permission/set-child-routes', 3, NULL, NULL, NULL, 1724119120, 1724119120, NULL),
('/user-management/permission/toggle-attribute', 3, NULL, NULL, NULL, 1724119120, 1724119120, NULL),
('/user-management/permission/update', 3, NULL, NULL, NULL, 1724119120, 1724119120, NULL),
('/user-management/permission/view', 3, NULL, NULL, NULL, 1724119120, 1724119120, NULL),
('/user-management/role/*', 3, NULL, NULL, NULL, 1724119120, 1724119120, NULL),
('/user-management/role/bulk-activate', 3, NULL, NULL, NULL, 1724119120, 1724119120, NULL),
('/user-management/role/bulk-deactivate', 3, NULL, NULL, NULL, 1724119120, 1724119120, NULL),
('/user-management/role/bulk-delete', 3, NULL, NULL, NULL, 1724119120, 1724119120, NULL),
('/user-management/role/create', 3, NULL, NULL, NULL, 1724119120, 1724119120, NULL),
('/user-management/role/delete', 3, NULL, NULL, NULL, 1724119120, 1724119120, NULL),
('/user-management/role/grid-page-size', 3, NULL, NULL, NULL, 1724119120, 1724119120, NULL),
('/user-management/role/grid-sort', 3, NULL, NULL, NULL, 1724119120, 1724119120, NULL),
('/user-management/role/index', 3, NULL, NULL, NULL, 1724119120, 1724119120, NULL),
('/user-management/role/set-child-permissions', 3, NULL, NULL, NULL, 1724119120, 1724119120, NULL),
('/user-management/role/set-child-roles', 3, NULL, NULL, NULL, 1724119120, 1724119120, NULL),
('/user-management/role/toggle-attribute', 3, NULL, NULL, NULL, 1724119120, 1724119120, NULL),
('/user-management/role/update', 3, NULL, NULL, NULL, 1724119120, 1724119120, NULL),
('/user-management/role/view', 3, NULL, NULL, NULL, 1724119120, 1724119120, NULL),
('/user-management/user-permission/*', 3, NULL, NULL, NULL, 1724119120, 1724119120, NULL),
('/user-management/user-permission/set', 3, NULL, NULL, NULL, 1724119120, 1724119120, NULL),
('/user-management/user-permission/set-roles', 3, NULL, NULL, NULL, 1724119120, 1724119120, NULL),
('/user-management/user-visit-log/*', 3, NULL, NULL, NULL, 1724119120, 1724119120, NULL),
('/user-management/user-visit-log/bulk-activate', 3, NULL, NULL, NULL, 1724119120, 1724119120, NULL),
('/user-management/user-visit-log/bulk-deactivate', 3, NULL, NULL, NULL, 1724119120, 1724119120, NULL),
('/user-management/user-visit-log/bulk-delete', 3, NULL, NULL, NULL, 1724119120, 1724119120, NULL),
('/user-management/user-visit-log/create', 3, NULL, NULL, NULL, 1724119120, 1724119120, NULL),
('/user-management/user-visit-log/delete', 3, NULL, NULL, NULL, 1724119120, 1724119120, NULL),
('/user-management/user-visit-log/grid-page-size', 3, NULL, NULL, NULL, 1724119120, 1724119120, NULL),
('/user-management/user-visit-log/grid-sort', 3, NULL, NULL, NULL, 1724119120, 1724119120, NULL),
('/user-management/user-visit-log/index', 3, NULL, NULL, NULL, 1724119120, 1724119120, NULL),
('/user-management/user-visit-log/toggle-attribute', 3, NULL, NULL, NULL, 1724119120, 1724119120, NULL),
('/user-management/user-visit-log/update', 3, NULL, NULL, NULL, 1724119120, 1724119120, NULL),
('/user-management/user-visit-log/view', 3, NULL, NULL, NULL, 1724119120, 1724119120, NULL),
('/user-management/user/*', 3, NULL, NULL, NULL, 1724119120, 1724119120, NULL),
('/user-management/user/bulk-activate', 3, NULL, NULL, NULL, 1724119120, 1724119120, NULL),
('/user-management/user/bulk-deactivate', 3, NULL, NULL, NULL, 1724119120, 1724119120, NULL),
('/user-management/user/bulk-delete', 3, NULL, NULL, NULL, 1724119120, 1724119120, NULL),
('/user-management/user/change-password', 3, NULL, NULL, NULL, 1724119120, 1724119120, NULL),
('/user-management/user/create', 3, NULL, NULL, NULL, 1724119120, 1724119120, NULL),
('/user-management/user/delete', 3, NULL, NULL, NULL, 1724119120, 1724119120, NULL),
('/user-management/user/grid-page-size', 3, NULL, NULL, NULL, 1724119120, 1724119120, NULL),
('/user-management/user/grid-sort', 3, NULL, NULL, NULL, 1724119120, 1724119120, NULL),
('/user-management/user/index', 3, NULL, NULL, NULL, 1724119120, 1724119120, NULL),
('/user-management/user/toggle-attribute', 3, NULL, NULL, NULL, 1724119120, 1724119120, NULL),
('/user-management/user/update', 3, NULL, NULL, NULL, 1724119120, 1724119120, NULL),
('/user-management/user/view', 3, NULL, NULL, NULL, 1724119120, 1724119120, NULL),
('/user/*', 3, NULL, NULL, NULL, 1689123866, 1689123866, NULL),
('/user/auth/*', 3, NULL, NULL, NULL, 1689123866, 1689123866, NULL),
('/user/auth/captcha', 3, NULL, NULL, NULL, 1689123866, 1689123866, NULL),
('/user/auth/change-own-password', 3, NULL, NULL, NULL, 1689123866, 1689123866, NULL),
('/user/auth/confirm-email', 3, NULL, NULL, NULL, 1689123866, 1689123866, NULL),
('/user/auth/confirm-email-receive', 3, NULL, NULL, NULL, 1689123866, 1689123866, NULL),
('/user/auth/confirm-registration-email', 3, NULL, NULL, NULL, 1689123866, 1689123866, NULL),
('/user/auth/login', 3, NULL, NULL, NULL, 1689123866, 1689123866, NULL),
('/user/auth/logout', 3, NULL, NULL, NULL, 1689123866, 1689123866, NULL),
('/user/auth/password-recovery', 3, NULL, NULL, NULL, 1689123866, 1689123866, NULL),
('/user/auth/password-recovery-receive', 3, NULL, NULL, NULL, 1689123866, 1689123866, NULL),
('/user/auth/registration', 3, NULL, NULL, NULL, 1689123866, 1689123866, NULL),
('/user/default/*', 3, NULL, NULL, NULL, 1689123866, 1689123866, NULL),
('/user/default/index', 3, NULL, NULL, NULL, 1689123866, 1689123866, NULL),
('/user/giao-dien/*', 3, NULL, NULL, NULL, 1691110097, 1691110097, NULL),
('/user/giao-dien/index', 3, NULL, NULL, NULL, 1691110097, 1691110097, NULL),
('/user/user-ajax/*', 3, NULL, NULL, NULL, 1689123866, 1689123866, NULL),
('/user/user-ajax/bulkdelete', 3, NULL, NULL, NULL, 1689123866, 1689123866, NULL),
('/user/user-ajax/change-password', 3, NULL, NULL, NULL, 1691110097, 1691110097, NULL),
('/user/user-ajax/create', 3, NULL, NULL, NULL, 1689123866, 1689123866, NULL),
('/user/user-ajax/delete', 3, NULL, NULL, NULL, 1689123866, 1689123866, NULL),
('/user/user-ajax/index', 3, NULL, NULL, NULL, 1689123866, 1689123866, NULL),
('/user/user-ajax/update', 3, NULL, NULL, NULL, 1689123866, 1689123866, NULL),
('/user/user-ajax/view', 3, NULL, NULL, NULL, 1689123866, 1689123866, NULL),
('/user/user-permission/*', 3, NULL, NULL, NULL, 1689123866, 1689123866, NULL),
('/user/user-permission/set', 3, NULL, NULL, NULL, 1689123866, 1689123866, NULL),
('/user/user-permission/set-roles', 3, NULL, NULL, NULL, 1689123866, 1689123866, NULL),
('/user/user/*', 3, NULL, NULL, NULL, 1689123866, 1689123866, NULL),
('/user/user/activity', 3, NULL, NULL, NULL, 1691110097, 1691110097, NULL),
('/user/user/bulk-activate', 3, NULL, NULL, NULL, 1689123866, 1689123866, NULL),
('/user/user/bulk-deactivate', 3, NULL, NULL, NULL, 1689123866, 1689123866, NULL),
('/user/user/bulk-delete', 3, NULL, NULL, NULL, 1689123866, 1689123866, NULL),
('/user/user/change-password', 3, NULL, NULL, NULL, 1689123866, 1689123866, NULL),
('/user/user/create', 3, NULL, NULL, NULL, 1689123866, 1689123866, NULL),
('/user/user/delete', 3, NULL, NULL, NULL, 1689123866, 1689123866, NULL),
('/user/user/grid-page-size', 3, NULL, NULL, NULL, 1689123866, 1689123866, NULL),
('/user/user/grid-sort', 3, NULL, NULL, NULL, 1689123866, 1689123866, NULL),
('/user/user/index', 3, NULL, NULL, NULL, 1689123866, 1689123866, NULL),
('/user/user/toggle-attribute', 3, NULL, NULL, NULL, 1689123866, 1689123866, NULL),
('/user/user/update', 3, NULL, NULL, NULL, 1689123866, 1689123866, NULL),
('/user/user/view', 3, NULL, NULL, NULL, 1689123866, 1689123866, NULL),
('assignRolesToUsers', 2, 'Assign roles to users', NULL, NULL, 1689001075, 1689001075, 'userManagement'),
('bindUserToIp', 2, 'Bind user to IP', NULL, NULL, 1689001075, 1689001075, 'userManagement'),
('changeUserPassword', 2, 'Change user password', NULL, NULL, 1689001075, 1689001075, 'userManagement'),
('commonPermission', 2, 'Common permission', NULL, NULL, 1689001074, 1689001074, NULL),
('createUsers', 2, 'Create users', NULL, NULL, 1689001075, 1689001075, 'userManagement'),
('deleteUsers', 2, 'Delete users', NULL, NULL, 1689001075, 1689001075, 'userManagement'),
('editUserEmail', 2, 'Edit user email', NULL, NULL, 1689001075, 1689001075, 'userManagement'),
('editUsers', 2, 'Edit users', NULL, NULL, 1689001075, 1689001075, 'userManagement'),
('macdinh', 1, 'Mặc định cho tài khoản', NULL, NULL, 1691400067, 1691400067, NULL),
('nDuyetBaoGiaMuaSam', 1, 'Duyệt báo giá mua sắm', NULL, NULL, 1719540323, 1719540323, NULL),
('nDuyetBaoGiaSuaChua', 1, 'Duyệt báo giá sửa chữa', NULL, NULL, 1719540323, 1719540323, NULL),
('nDuyetDieuChuyenThietBi', 1, 'Duyệt phiếu điều chuyển thiết bị', NULL, NULL, 1720401015, 1720401015, NULL),
('nDuyetPhieuMuaSam', 1, 'Duyệt phiếu mua sắm', NULL, NULL, 1719540323, 1719540323, NULL),
('nGuiDieuChuyenThietBi', 1, 'Gửi phiếu điều chuyển thiết bị', NULL, NULL, 1720401015, 1720401015, NULL),
('nQuanLyBaoTri', 1, 'Quản lý Bảo trì - Bão dưỡng', NULL, NULL, 1720401015, 1720401015, NULL),
('nQuanLyBoPhan', 1, 'Quản lý Phòng ban - Bộ phận', NULL, NULL, 1691483880, 1691483880, NULL),
('nQuanLyDanhMuc', 1, 'Quản lý danh mục', NULL, NULL, 1691483908, 1691483908, NULL),
('nQuanLyDieuChuyenThietBi', 1, 'Quản lý điều chuyển thiết bị', NULL, NULL, 1720401015, 1720401015, NULL),
('nQuanLyDoiTac', 1, 'Quản lý đối tác', NULL, NULL, 1691483922, 1691483922, NULL),
('nQuanLyHeThongThietBi', 1, 'Quản lý hệ thống thiết bị', NULL, NULL, 1691483941, 1691483941, NULL),
('nQuanLyKho', 1, 'Quản lý kho lưu trữ', NULL, NULL, 1691483957, 1691483957, NULL),
('nQuanLyLoaiThietBi', 1, 'Quản lý loại thiết bị', NULL, NULL, 1691483978, 1691483978, NULL),
('nQuanLyNhanVien', 1, 'Quản lý nhân viên', NULL, NULL, 1691483998, 1691483998, NULL),
('nQuanLyPhieuMuaSam', 1, 'Quản lý phiếu mua sắm', NULL, NULL, 1719540323, 1719540323, NULL),
('nQuanLyPhieuMuaSamVatTu', 1, 'Quản lý phiếu mua sắm vật tư', NULL, NULL, 1721100951, 1721100951, NULL),
('nQuanLyPhieuSuaChua', 1, 'Quản lý phiếu sửa chữa', NULL, NULL, 1719540323, 1719540323, NULL),
('nQuanLyTaiSan', 1, 'Quản lý tài sản', NULL, NULL, 1691484016, 1691484016, NULL),
('nQuanLyVatTuKho', 1, 'Quản lý vật tư kho', NULL, NULL, 1719540323, 1719540323, NULL),
('nQuanLyViTri', 1, 'Quản lý vị trí', NULL, NULL, 1691484042, 1691484042, NULL),
('nQuanTriTaiKhoan', 1, 'Quản trị tài khoản người dùng', NULL, NULL, 1691483835, 1691483835, NULL),
('nThemDieuChuyenThietBi', 1, 'Thêm phiếu điều chuyển thiết bị', NULL, NULL, 1720401015, 1720401015, NULL),
('nThemPhieuMuaSam', 1, 'Thêm phiếu mua sắm', NULL, NULL, 1719540323, 1719540323, NULL),
('nThemPhieuMuaSamVatTu', 1, 'Thêm phiếu mua sắm vật tư', NULL, NULL, 1721100951, 1721100951, NULL),
('nXemTatCa', 1, 'Quyền xem', NULL, NULL, 1691484173, 1691484173, NULL),
('nXuatDieuChuyenThietBi', 1, 'Xuất phiếu điều chuyển thiết bị', NULL, NULL, 1720401015, 1720401015, NULL),
('qDanhMucNhomDoiTac', 2, 'Quản lý danh mục nhóm đối tác', NULL, NULL, 1691481882, 1691481882, 'quanLyDanhMuc'),
('qDanhSachBoPhan', 2, 'Xem danh sách bộ phận', NULL, NULL, 1691420418, 1691420430, 'quanLyBoPhan'),
('qDanhSachDoiTac', 2, 'Xem danh sách đối tác', NULL, NULL, 1691480297, 1691480297, 'quanLyDoiTac'),
('qDanhSachHeThongThietBi', 2, 'Xem danh sách hệ thống thiết bị', NULL, NULL, 1691482349, 1691482349, 'quanLyHeThongThietBi'),
('qDanhSachKho', 2, 'Xem danh sách Kho lưu trữ', NULL, NULL, 1691482033, 1691482033, 'quanLyKhoLuuTru'),
('qDanhSachLoaiThietBi', 2, 'Xem danh sách loại thiết bị', NULL, NULL, 1691482755, 1691482755, 'quanLyLoaiThietBi'),
('qDanhSachNhanVien', 2, 'Xem danh sách nhân viên', NULL, NULL, 1691481320, 1691481320, 'quanLyNhanVien'),
('qDanhSachTaiKhoan', 2, 'Xem danh sách tài khoản', NULL, NULL, 1691399023, 1691399298, 'accountsManage'),
('qDanhSachTaiSan', 2, 'Xem danh sách tài sản - thiết bị', NULL, NULL, 1691375126, 1691399310, 'quanLyTaiSan'),
('qDanhSachViTri', 2, 'Xem danh sách vị trí', NULL, NULL, 1691400832, 1691400832, 'quanLyViTri'),
('qDuyetBaoGiaMuaSam', 2, 'Duyệt báo giá mua sắm', NULL, NULL, 1719540323, 1719540323, 'quanLyPhieuMuaSam'),
('qDuyetBaoGiaMuaSamVatTu', 2, 'Duyệt báo giá mua sắm vật tư', NULL, NULL, 1721100951, 1721100951, 'quanLyPhieuMuaSamVatTu'),
('qDuyetBaoGiaSuaChua', 2, 'Duyệt báo giá sửa chữa', NULL, NULL, 1719540322, 1719540322, 'quanLyPhieuSuaChua'),
('qDuyetDieuChuyenThietBi', 2, 'Duyệt điều chuyển thiết bị', NULL, NULL, 1720401015, 1720401015, 'quanLyDieuChuyenThietBi'),
('qDuyetPhieuMuaSam', 2, 'Duyệt phiếu mua sắm', NULL, NULL, 1719540323, 1719540323, 'quanLyPhieuMuaSam'),
('qDuyetPhieuMuaSamVatTu', 2, 'Duyệt phiếu mua sắm vật tư', NULL, NULL, 1721100951, 1721100951, 'quanLyPhieuMuaSamVatTu'),
('qGiaoDienThietBi', 2, 'Tùy chỉnh giao diện cho thiết bị cá nhân', NULL, NULL, 1691399872, 1691399872, 'userCommonPermissions'),
('qGuiDieuChuyenThietBi', 2, 'Gửi điều chuyển thiết bị', NULL, NULL, 1720401015, 1720401015, 'quanLyDieuChuyenThietBi'),
('qInQrTaiSan', 2, 'In QR tài sản - thiết bị', NULL, NULL, 1691375622, 1691399273, 'quanLyTaiSan'),
('qPhanQuyenTaiKhoan', 2, 'Phân quyền cho tài khoản', NULL, NULL, 1691399576, 1691399576, 'accountsManage'),
('qQuanLyDanhMucLoaiBaoTri', 2, 'Quản lý danh mục loại bảo trì', NULL, NULL, 1720401015, 1720401015, 'quanLyBaoTri'),
('qQuanLyTaiSanBoPhan', 2, 'Quản lý tài sản bộ phận', NULL, NULL, 1720401014, 1720401014, 'quanLyTaiSan'),
('qQuanLyTaiSanCaNhan', 2, 'Quản lý tài sản cá nhân', NULL, NULL, 1720401014, 1720401014, 'quanLyTaiSan'),
('qScanQrTaiSan', 2, 'Scan QR xem tài sản - thiết bị', NULL, NULL, 1691375522, 1691399264, 'quanLyTaiSan'),
('qSuaBaoGiaMuaSam', 2, 'Sửa báo giá mua sắm', NULL, NULL, 1719540323, 1719540323, 'quanLyPhieuMuaSam'),
('qSuaBaoGiaMuaSamVatTu', 2, 'Sửa báo giá mua sắm vật tư', NULL, NULL, 1721100951, 1721100951, 'quanLyPhieuMuaSamVatTu'),
('qSuaBaoGiaSuaChua', 2, 'Sửa báo giá sửa chữa', NULL, NULL, 1719540322, 1719540322, 'quanLyPhieuSuaChua'),
('qSuaBoPhan', 2, 'Sửa thông tin bộ phận', NULL, NULL, 1691420634, 1691420634, 'quanLyBoPhan'),
('qSuaDieuChuyenThietBi', 2, 'Sửa điều chuyển thiết bị', NULL, NULL, 1720401015, 1720401015, 'quanLyDieuChuyenThietBi'),
('qSuaDoiTac', 2, 'Sửa thông tin đối tác', NULL, NULL, 1691480405, 1691480405, 'quanLyDoiTac'),
('qSuaHeThongThietBi', 2, 'Sửa thông tin hệ thống thiết bị', NULL, NULL, 1691482549, 1691482549, 'quanLyHeThongThietBi'),
('qSuaKeHoachBaoTri', 2, 'Sửa Kế hoạch bảo trì', NULL, NULL, 1720401015, 1720401015, 'quanLyBaoTri'),
('qSuaKho', 2, 'Sửa thông tin kho lưu trữ', NULL, NULL, 1691482132, 1691482132, 'quanLyKhoLuuTru'),
('qSuaLoaiThietBi', 2, 'Sửa loại thiết bị', NULL, NULL, 1691482839, 1691482839, 'quanLyLoaiThietBi'),
('qSuaNhanVien', 2, 'Sửa thông tin nhân viên', NULL, NULL, 1691481669, 1691481669, 'quanLyNhanVien'),
('qSuaPhieuBaoTri', 2, 'Sửa phiếu bảo trì', NULL, NULL, 1720401015, 1720401015, 'quanLyBaoTri'),
('qSuaPhieuMuaSam', 2, 'Sửa phiếu mua sắm', NULL, NULL, 1719540323, 1719540323, 'quanLyPhieuMuaSam'),
('qSuaPhieuMuaSamVatTu', 2, 'Sửa phiếu mua sắm vật tư', NULL, NULL, 1721100951, 1721100951, 'quanLyPhieuMuaSamVatTu'),
('qSuaPhieuSuaChua', 2, 'Sửa phiếu sửa chữa', NULL, NULL, 1719540322, 1719540322, 'quanLyPhieuSuaChua'),
('qSuaTaiKhoan', 2, 'Sửa tài khoản', NULL, NULL, 1689124200, 1691399360, 'accountsManage'),
('qSuaTaiSan', 2, 'Sửa thông tin tài sản - thiết bị', NULL, NULL, 1691375293, 1691399239, 'quanLyTaiSan'),
('qSuaVatTu', 2, 'Cập nhật vật tư kho', NULL, NULL, 1719540322, 1719540322, 'quanLyDmVatTu'),
('qSuaViTri', 2, 'Sửa vị trí', NULL, NULL, 1691401058, 1691401058, 'quanLyViTri'),
('qThayDoiMatKhauCaNhan', 2, 'Thay đổi mật khẩu cá nhân', NULL, NULL, 1691109892, 1691399740, 'userCommonPermissions'),
('qThemBoPhan', 2, 'Thêm bộ phận', NULL, NULL, 1691420545, 1691420608, 'quanLyBoPhan'),
('qThemDieuChuyenThietBi', 2, 'Thêm phiếu điều chuyển thiết bị', NULL, NULL, 1720401015, 1720401015, 'quanLyDieuChuyenThietBi'),
('qThemDoiTac', 2, 'Thêm mới đối tác', NULL, NULL, 1691480380, 1691480380, 'quanLyDoiTac'),
('qThemHeThongThietBi', 2, 'Thêm hệ thống thiết bị', NULL, NULL, 1691482620, 1691482620, 'quanLyHeThongThietBi'),
('qThemKeHoachBaoTri', 2, 'Thêm Kế hoạch bảo trì', NULL, NULL, 1720401015, 1720401015, 'quanLyBaoTri'),
('qThemKho', 2, 'Thêm thông tin kho lưu trữ', NULL, NULL, 1691482097, 1691482097, 'quanLyKhoLuuTru'),
('qThemLoaiThietBi', 2, 'Thêm loại thiết bị', NULL, NULL, 1691482811, 1691482811, 'quanLyLoaiThietBi'),
('qThemNhanVien', 2, 'Thêm nhân viên', NULL, NULL, 1691481648, 1691481648, 'quanLyNhanVien'),
('qThemPhieuMuaSam', 2, 'Thêm phiếu mua sắm', NULL, NULL, 1719540323, 1719540323, 'quanLyPhieuMuaSam'),
('qThemPhieuMuaSamVatTu', 2, 'Thêm phiếu mua sắm vật tư', NULL, NULL, 1721100951, 1721100951, 'quanLyPhieuMuaSamVatTu'),
('qThemPhieuSuaChua', 2, 'Thêm phiếu sửa chữa', NULL, NULL, 1719540322, 1719540322, 'quanLyPhieuSuaChua'),
('qThemTaiKhoan', 2, 'Thêm tài khoản', NULL, NULL, 1689123863, 1691399351, 'accountsManage');
INSERT INTO `auth_item` (`name`, `type`, `description`, `rule_name`, `data`, `created_at`, `updated_at`, `group_code`) VALUES
('qThemTaiSan', 2, 'Thêm mới tài sản', NULL, NULL, 1691375384, 1691399247, 'quanLyTaiSan'),
('qThemVatTu', 2, 'Thêm vật tư kho', NULL, NULL, 1719540322, 1719540322, 'quanLyDmVatTu'),
('qThemViTri', 2, 'Thêm vị trí', NULL, NULL, 1691110325, 1691400562, 'quanLyViTri'),
('qXemBoPhan', 2, 'Xem thông tin bộ phận', NULL, NULL, 1691420483, 1691420483, 'quanLyBoPhan'),
('qXemDanhSachDieuChuyenThietBi', 2, 'Xem danh sách điều chuyển thiết bị', NULL, NULL, 1720401015, 1720401015, 'quanLyDieuChuyenThietBi'),
('qXemDanhSachKeHoachBaoTri', 2, 'Xem danh sách Kế hoạch bảo trì', NULL, NULL, 1720401015, 1720401015, 'quanLyBaoTri'),
('qXemDanhSachPhieuBaoTri', 2, 'Xem danh sách Phiếu bảo trì', NULL, NULL, 1720401015, 1720401015, 'quanLyBaoTri'),
('qXemDanhSachPhieuMuaSam', 2, 'Xem danh sách phiếu mua sắm', NULL, NULL, 1719540323, 1719540323, 'quanLyPhieuMuaSam'),
('qXemDanhSachPhieuMuaSamVatTu', 2, 'Xem danh sách phiếu mua sắm vật tư', NULL, NULL, 1721100951, 1721100951, 'quanLyPhieuMuaSamVatTu'),
('qXemDanhSachPhieuSuaChua', 2, 'Xem danh sách phiếu sửa chữa', NULL, NULL, 1719540322, 1719540322, 'quanLyPhieuSuaChua'),
('qXemDanhSachVatTu', 2, 'Quyền xem danh sách vật tư', NULL, NULL, 1719540322, 1719540322, 'quanLyDmVatTu'),
('qXemDashboard', 2, 'Truy cập Dashboard', NULL, NULL, 1691399814, 1691399814, 'userCommonPermissions'),
('qXemDoiTac', 2, 'Xem thông tin đối tác', NULL, NULL, 1691480321, 1691480321, 'quanLyDoiTac'),
('qXemHeThongThietBi', 2, 'Xem thông tin hệ thống thiết bị', NULL, NULL, 1691482522, 1691482522, 'quanLyHeThongThietBi'),
('qXemHoatDongCaNhan', 2, 'Xem thông tin lịch sử hoạt động của cá nhân', NULL, NULL, 1691109981, 1691399711, 'userCommonPermissions'),
('qXemKho', 2, 'Xem thông tin kho lưu trữ', NULL, NULL, 1691482067, 1691482067, 'quanLyKhoLuuTru'),
('qXemLichBaoTri', 2, 'Xem lịch bảo trì', NULL, NULL, 1720401015, 1720401015, 'quanLyBaoTri'),
('qXemLoaiThietBi', 2, 'Xem thông tin loại thiết bị', NULL, NULL, 1691482782, 1691482782, 'quanLyLoaiThietBi'),
('qXemNhanVien', 2, 'Xem thông tin nhân viên', NULL, NULL, 1691481358, 1691481358, 'quanLyNhanVien'),
('qXemPhieuBaoTri', 2, 'Xem phiếu bảo trì', NULL, NULL, 1720401015, 1720401015, 'quanLyBaoTri'),
('qXemTaiKhoan', 2, 'Xem tài khoản', NULL, NULL, 1689124249, 1691399377, 'accountsManage'),
('qXemTaiSan', 2, 'Xem Thông tin chi tiết tài sản - thiết bị', NULL, NULL, 1691375224, 1691399225, 'quanLyTaiSan'),
('qXemViTri', 2, 'Xem thông tin vị trí', NULL, NULL, 1691400883, 1691400883, 'quanLyViTri'),
('qXoaBoPhan', 2, 'Xóa bộ phận', NULL, NULL, 1691420667, 1691420667, 'quanLyBoPhan'),
('qXoaDieuChuyenThietBi', 2, 'Xóa điều chuyển thiết bị', NULL, NULL, 1720401015, 1720401015, 'quanLyDieuChuyenThietBi'),
('qXoaDoiTac', 2, 'Xóa đối tác', NULL, NULL, 1691480428, 1691480428, 'quanLyDoiTac'),
('qXoaHeThongThietBi', 2, 'Xóa hệ thống thiết bị', NULL, NULL, 1691482576, 1691482576, 'quanLyHeThongThietBi'),
('qXoaKeHoachBaoTri', 2, 'Xóa Kế hoạch bảo trì', NULL, NULL, 1720401015, 1720401015, 'quanLyBaoTri'),
('qXoaKho', 2, 'Xóa kho lưu trữ', NULL, NULL, 1691482161, 1691482161, 'quanLyKhoLuuTru'),
('qXoaLoaiThietBi', 2, 'Xóa loại thiết bị', NULL, NULL, 1691482867, 1691482867, 'quanLyLoaiThietBi'),
('qXoaNhanVien', 2, 'Xóa nhân viên', NULL, NULL, 1691481693, 1691481693, 'quanLyNhanVien'),
('qXoaPhieuMuaSam', 2, 'Xóa phiếu mua sắm', NULL, NULL, 1719540323, 1719540323, 'quanLyPhieuMuaSam'),
('qXoaPhieuMuaSamVatTu', 2, 'Xóa phiếu mua sắm vật tư', NULL, NULL, 1721100951, 1721100951, 'quanLyPhieuMuaSamVatTu'),
('qXoaPhieuSuaChua', 2, 'Xóa phiếu sửa chữa', NULL, NULL, 1719540322, 1719540322, 'quanLyPhieuSuaChua'),
('qXoaTaiKhoan', 2, 'Xóa tài khoản', NULL, NULL, 1689124228, 1691399369, 'accountsManage'),
('qXoaTaiSan', 2, 'Xóa tài sản - thiết bị', NULL, NULL, 1691375438, 1691399255, 'quanLyTaiSan'),
('qXoaVatTu', 2, 'Xóa vật tư kho', NULL, NULL, 1719540322, 1719540322, 'quanLyDmVatTu'),
('qXoaViTri', 2, 'Xóa vị trí', NULL, NULL, 1691401098, 1691401098, 'quanLyViTri'),
('qXuatDieuChuyenThietBi', 2, 'Xuat điều chuyển thiết bị', NULL, NULL, 1720401015, 1720401015, 'quanLyDieuChuyenThietBi'),
('user_17_', 1, 'Quyền tùy chỉnh cho user nvven', NULL, NULL, 1719545505, 1719545505, NULL),
('user_1_', 1, 'Quyền tùy chỉnh cho user superadmin', NULL, NULL, 1691396390, 1691396390, NULL),
('user_20_', 1, 'Quyền tùy chỉnh cho user quanly', NULL, NULL, 1724311207, 1724311207, NULL),
('user_22_', 1, 'Quyền tùy chỉnh cho user nv1', NULL, NULL, 1724311526, 1724311526, NULL),
('user_2_', 1, 'Quyền tùy chỉnh cho user u001', NULL, NULL, 1692696312, 1692696312, NULL),
('user_4_', 1, 'Quyền tùy chỉnh cho user user003', NULL, NULL, 1691396411, 1691396411, NULL),
('viewRegistrationIp', 2, 'View registration IP', NULL, NULL, 1689001075, 1689001075, 'userManagement'),
('viewUserEmail', 2, 'View user email', NULL, NULL, 1689001075, 1689001075, 'userManagement'),
('viewUserRoles', 2, 'View user roles', NULL, NULL, 1689001075, 1689001075, 'userManagement'),
('viewUsers', 2, 'View users', NULL, NULL, 1689001075, 1689001075, 'userManagement'),
('viewVisitLog', 2, 'View visit log', NULL, NULL, 1689001075, 1689001075, 'userManagement');

-- --------------------------------------------------------

--
-- Table structure for table `auth_item_child`
--

DROP TABLE IF EXISTS `auth_item_child`;
CREATE TABLE IF NOT EXISTS `auth_item_child` (
  `parent` varchar(64) NOT NULL,
  `child` varchar(64) NOT NULL,
  PRIMARY KEY (`parent`,`child`),
  KEY `child` (`child`)
) ENGINE=InnoDB DEFAULT CHARSET=utf8mb3;

--
-- Dumping data for table `auth_item_child`
--

INSERT INTO `auth_item_child` (`parent`, `child`) VALUES
('qXoaKeHoachBaoTri', '/baotri/ke-hoach-bao-tri/bulkdelete'),
('qThemKeHoachBaoTri', '/baotri/ke-hoach-bao-tri/create'),
('qXoaKeHoachBaoTri', '/baotri/ke-hoach-bao-tri/delete'),
('qXemDanhSachKeHoachBaoTri', '/baotri/ke-hoach-bao-tri/index'),
('qSuaKeHoachBaoTri', '/baotri/ke-hoach-bao-tri/tao-phieu-bao-tri'),
('qSuaKeHoachBaoTri', '/baotri/ke-hoach-bao-tri/update'),
('qSuaKeHoachBaoTri', '/baotri/ke-hoach-bao-tri/view'),
('qXemDanhSachPhieuBaoTri', '/baotri/lich-bao-tri/baotri'),
('qXemLichBaoTri', '/baotri/lich-bao-tri/index'),
('qQuanLyDanhMucLoaiBaoTri', '/baotri/loai-bao-tri/*'),
('qSuaPhieuBaoTri', '/baotri/phieu-bao-tri/update'),
('qSuaPhieuBaoTri', '/baotri/phieu-bao-tri/view'),
('qXemPhieuBaoTri', '/baotri/phieu-bao-tri/view'),
('qXoaBoPhan', '/bophan/bo-phan/bulkdelete'),
('qThemBoPhan', '/bophan/bo-phan/create'),
('qXoaBoPhan', '/bophan/bo-phan/delete'),
('qDanhSachBoPhan', '/bophan/bo-phan/index'),
('qSuaBoPhan', '/bophan/bo-phan/update'),
('qXemBoPhan', '/bophan/bo-phan/view'),
('qXoaDoiTac', '/bophan/doi-tac/bulkdelete'),
('qThemDoiTac', '/bophan/doi-tac/create'),
('qXoaDoiTac', '/bophan/doi-tac/delete'),
('qDanhSachDoiTac', '/bophan/doi-tac/index'),
('qSuaDoiTac', '/bophan/doi-tac/update'),
('qXemDoiTac', '/bophan/doi-tac/view'),
('qXoaNhanVien', '/bophan/nhan-vien/bulkdelete'),
('qThemNhanVien', '/bophan/nhan-vien/create'),
('qXoaNhanVien', '/bophan/nhan-vien/delete'),
('qDanhSachNhanVien', '/bophan/nhan-vien/index'),
('qSuaNhanVien', '/bophan/nhan-vien/update'),
('qXemNhanVien', '/bophan/nhan-vien/view'),
('qDanhMucNhomDoiTac', '/bophan/nhom-doi-tac/*'),
('qSuaPhieuMuaSam', '/dungchung/hinh-anh/create-outer'),
('qSuaPhieuMuaSamVatTu', '/dungchung/hinh-anh/create-outer'),
('qSuaPhieuSuaChua', '/dungchung/hinh-anh/create-outer'),
('qSuaPhieuMuaSam', '/dungchung/hinh-anh/delete-outer'),
('qSuaPhieuMuaSamVatTu', '/dungchung/hinh-anh/delete-outer'),
('qSuaPhieuSuaChua', '/dungchung/hinh-anh/delete-outer'),
('qSuaPhieuMuaSam', '/dungchung/hinh-anh/update-outer'),
('qSuaPhieuMuaSamVatTu', '/dungchung/hinh-anh/update-outer'),
('qSuaPhieuSuaChua', '/dungchung/hinh-anh/update-outer'),
('qSuaPhieuMuaSam', '/dungchung/tai-lieu/create-outer'),
('qSuaPhieuMuaSamVatTu', '/dungchung/tai-lieu/create-outer'),
('qSuaPhieuSuaChua', '/dungchung/tai-lieu/create-outer'),
('qSuaPhieuMuaSam', '/dungchung/tai-lieu/delete-outer'),
('qSuaPhieuMuaSamVatTu', '/dungchung/tai-lieu/delete-outer'),
('qSuaPhieuSuaChua', '/dungchung/tai-lieu/delete-outer'),
('qSuaPhieuMuaSam', '/dungchung/tai-lieu/update-outer'),
('qSuaPhieuMuaSamVatTu', '/dungchung/tai-lieu/update-outer'),
('qSuaPhieuSuaChua', '/dungchung/tai-lieu/update-outer'),
('qDanhSachKho', '/kholuutru/depdrop/get-nhan-vien'),
('qSuaKho', '/kholuutru/depdrop/get-nhan-vien'),
('qThemKho', '/kholuutru/depdrop/get-nhan-vien'),
('qXemKho', '/kholuutru/depdrop/get-nhan-vien'),
('qThemVatTu', '/kholuutru/dm-vat-tu/create'),
('qXoaVatTu', '/kholuutru/dm-vat-tu/delete'),
('qXemDanhSachVatTu', '/kholuutru/dm-vat-tu/index'),
('qSuaVatTu', '/kholuutru/dm-vat-tu/update'),
('qXoaKho', '/kholuutru/kho/bulkdelete'),
('qThemKho', '/kholuutru/kho/create'),
('qXoaKho', '/kholuutru/kho/delete'),
('qSuaPhieuSuaChua', '/kholuutru/kho/get-vat-tu-list'),
('qDanhSachKho', '/kholuutru/kho/index'),
('qSuaKho', '/kholuutru/kho/update'),
('qXemKho', '/kholuutru/kho/view'),
('qSuaPhieuMuaSam', '/muasam/bao-gia-mua-sam/create'),
('qSuaPhieuMuaSamVatTu', '/muasam/bao-gia-mua-sam/create'),
('qSuaPhieuMuaSamVatTu', '/muasam/bao-gia-mua-sam/delete'),
('qDuyetBaoGiaMuaSam', '/muasam/bao-gia-mua-sam/index'),
('qXemDanhSachPhieuMuaSam', '/muasam/bao-gia-mua-sam/index'),
('qXemDanhSachPhieuMuaSamVatTu', '/muasam/bao-gia-mua-sam/index'),
('qDuyetBaoGiaMuaSam', '/muasam/bao-gia-mua-sam/update'),
('qSuaBaoGiaMuaSam', '/muasam/bao-gia-mua-sam/update'),
('qDuyetBaoGiaMuaSam', '/muasam/bao-gia-mua-sam/view'),
('qXemDanhSachPhieuMuaSam', '/muasam/bao-gia-mua-sam/view'),
('qXemDanhSachPhieuMuaSamVatTu', '/muasam/bao-gia-mua-sam/view'),
('qSuaPhieuMuaSamVatTu', '/muasam/ct-bao-gia-mua-sam-vt/*'),
('qSuaPhieuMuaSam', '/muasam/ct-bao-gia-mua-sam/*'),
('qThemPhieuMuaSamVatTu', '/muasam/ct-phieu-mua-sam-vt/*'),
('qThemPhieuMuaSam', '/muasam/ct-phieu-mua-sam/*'),
('qSuaPhieuMuaSamVatTu', '/muasam/ct-phieu-nhap-hang-vt/*'),
('qSuaPhieuMuaSam', '/muasam/ct-phieu-nhap-hang/*'),
('qDuyetPhieuMuaSam', '/muasam/phieu-mua-sam/chi-tiet-phieu-mua-sam'),
('qDuyetPhieuMuaSamVatTu', '/muasam/phieu-mua-sam/chi-tiet-phieu-mua-sam'),
('qSuaPhieuMuaSam', '/muasam/phieu-mua-sam/chi-tiet-phieu-mua-sam'),
('qSuaPhieuMuaSamVatTu', '/muasam/phieu-mua-sam/chi-tiet-phieu-mua-sam'),
('qThemPhieuMuaSam', '/muasam/phieu-mua-sam/chi-tiet-phieu-mua-sam'),
('qThemPhieuMuaSamVatTu', '/muasam/phieu-mua-sam/chi-tiet-phieu-mua-sam'),
('qThemPhieuMuaSam', '/muasam/phieu-mua-sam/create'),
('qThemPhieuMuaSamVatTu', '/muasam/phieu-mua-sam/create'),
('qThemPhieuMuaSamVatTu', '/muasam/phieu-mua-sam/create-vt'),
('qXoaPhieuMuaSam', '/muasam/phieu-mua-sam/delete'),
('qXoaPhieuMuaSamVatTu', '/muasam/phieu-mua-sam/delete'),
('qDuyetPhieuMuaSam', '/muasam/phieu-mua-sam/duyet-phieu-mua-sam'),
('qSuaPhieuMuaSam', '/muasam/phieu-mua-sam/gui-bao-gia'),
('qSuaPhieuMuaSamVatTu', '/muasam/phieu-mua-sam/gui-bao-gia'),
('qDuyetPhieuMuaSam', '/muasam/phieu-mua-sam/index'),
('qDuyetPhieuMuaSamVatTu', '/muasam/phieu-mua-sam/index'),
('qXemDanhSachPhieuMuaSam', '/muasam/phieu-mua-sam/index'),
('qXemDanhSachPhieuMuaSamVatTu', '/muasam/phieu-mua-sam/list-mua-sam-vat-tu'),
('qDuyetPhieuMuaSam', '/muasam/phieu-mua-sam/update'),
('qDuyetPhieuMuaSamVatTu', '/muasam/phieu-mua-sam/update'),
('qSuaPhieuMuaSam', '/muasam/phieu-mua-sam/update'),
('qSuaPhieuMuaSamVatTu', '/muasam/phieu-mua-sam/update'),
('qThemPhieuMuaSam', '/muasam/phieu-mua-sam/update'),
('qThemPhieuMuaSamVatTu', '/muasam/phieu-mua-sam/update'),
('qSuaPhieuMuaSam', '/muasam/phieu-nhap-hang/*'),
('qSuaPhieuMuaSamVatTu', '/muasam/phieu-nhap-hang/*'),
('qDuyetBaoGiaSuaChua', '/suachua/bao-gia-sua-chua/index'),
('qXemDanhSachPhieuSuaChua', '/suachua/bao-gia-sua-chua/index'),
('qDuyetBaoGiaSuaChua', '/suachua/bao-gia-sua-chua/update'),
('qSuaBaoGiaSuaChua', '/suachua/bao-gia-sua-chua/update'),
('qDuyetBaoGiaSuaChua', '/suachua/bao-gia-sua-chua/view'),
('qXemDanhSachPhieuSuaChua', '/suachua/bao-gia-sua-chua/view'),
('qSuaPhieuSuaChua', '/suachua/ct-bao-gia-sua-chua/create'),
('qSuaPhieuSuaChua', '/suachua/ct-bao-gia-sua-chua/delete'),
('qSuaPhieuSuaChua', '/suachua/ct-bao-gia-sua-chua/index'),
('qSuaPhieuSuaChua', '/suachua/ct-bao-gia-sua-chua/update'),
('qSuaPhieuSuaChua', '/suachua/phieu-sua-chua-vat-tu/create'),
('qSuaPhieuSuaChua', '/suachua/phieu-sua-chua-vat-tu/create2'),
('qSuaPhieuSuaChua', '/suachua/phieu-sua-chua-vat-tu/delete'),
('qSuaPhieuSuaChua', '/suachua/phieu-sua-chua-vat-tu/index'),
('qSuaPhieuSuaChua', '/suachua/phieu-sua-chua-vat-tu/update'),
('qSuaPhieuSuaChua', '/suachua/phieu-sua-chua-vat-tu/update2'),
('qSuaPhieuSuaChua', '/suachua/phieu-sua-chua-vat-tu/view'),
('qSuaPhieuSuaChua', '/suachua/phieu-sua-chua/chi-tiet-phieu-sua-chua'),
('qThemPhieuSuaChua', '/suachua/phieu-sua-chua/create'),
('qXoaPhieuSuaChua', '/suachua/phieu-sua-chua/delete'),
('qXemDanhSachPhieuSuaChua', '/suachua/phieu-sua-chua/index'),
('qSuaPhieuSuaChua', '/suachua/phieu-sua-chua/print-phieu-xuat-kho-view'),
('qSuaPhieuSuaChua', '/suachua/phieu-sua-chua/print-view'),
('qSuaPhieuSuaChua', '/suachua/phieu-sua-chua/update'),
('qXoaHeThongThietBi', '/taisan/he-thong/bulkdelete'),
('qThemHeThongThietBi', '/taisan/he-thong/create'),
('qXoaHeThongThietBi', '/taisan/he-thong/delete'),
('qDanhSachHeThongThietBi', '/taisan/he-thong/index'),
('qSuaHeThongThietBi', '/taisan/he-thong/update'),
('qXemHeThongThietBi', '/taisan/he-thong/view'),
('qXoaLoaiThietBi', '/taisan/loai-thiet-bi/bulkdelete'),
('qThemLoaiThietBi', '/taisan/loai-thiet-bi/create'),
('qXoaLoaiThietBi', '/taisan/loai-thiet-bi/delete'),
('qDanhSachLoaiThietBi', '/taisan/loai-thiet-bi/index'),
('qSuaLoaiThietBi', '/taisan/loai-thiet-bi/update'),
('qXemLoaiThietBi', '/taisan/loai-thiet-bi/view'),
('qInQrTaiSan', '/taisan/qr/in-loai'),
('qInQrTaiSan', '/taisan/qr/in-qrs'),
('qXoaTaiSan', '/taisan/thiet-bi/bulkdelete'),
('qThemTaiSan', '/taisan/thiet-bi/create'),
('qXoaTaiSan', '/taisan/thiet-bi/delete'),
('qDanhSachTaiSan', '/taisan/thiet-bi/index'),
('qQuanLyTaiSanBoPhan', '/taisan/thiet-bi/index-bo-phan'),
('qQuanLyTaiSanCaNhan', '/taisan/thiet-bi/index-user'),
('qScanQrTaiSan', '/taisan/thiet-bi/qr-scan'),
('qSuaTaiSan', '/taisan/thiet-bi/update'),
('qXemTaiSan', '/taisan/thiet-bi/view'),
('qXoaViTri', '/taisan/vi-tri/bulkdelete'),
('qThemViTri', '/taisan/vi-tri/create'),
('qXoaViTri', '/taisan/vi-tri/delete'),
('qDanhSachViTri', '/taisan/vi-tri/index'),
('qSuaViTri', '/taisan/vi-tri/update'),
('qXemViTri', '/taisan/vi-tri/view'),
('qDuyetDieuChuyenThietBi', '/taisan/yeu-cau-van-hanh/approve'),
('qThemDieuChuyenThietBi', '/taisan/yeu-cau-van-hanh/create'),
('qXoaDieuChuyenThietBi', '/taisan/yeu-cau-van-hanh/delete'),
('qDuyetDieuChuyenThietBi', '/taisan/yeu-cau-van-hanh/index'),
('qGuiDieuChuyenThietBi', '/taisan/yeu-cau-van-hanh/index'),
('qXemDanhSachDieuChuyenThietBi', '/taisan/yeu-cau-van-hanh/index'),
('qXuatDieuChuyenThietBi', '/taisan/yeu-cau-van-hanh/index'),
('qXuatDieuChuyenThietBi', '/taisan/yeu-cau-van-hanh/operate'),
('qGuiDieuChuyenThietBi', '/taisan/yeu-cau-van-hanh/send-request'),
('qSuaDieuChuyenThietBi', '/taisan/yeu-cau-van-hanh/update'),
('qThemDieuChuyenThietBi', '/taisan/yeu-cau-van-hanh/update'),
('qDuyetDieuChuyenThietBi', '/taisan/yeu-cau-van-hanh/view'),
('qGuiDieuChuyenThietBi', '/taisan/yeu-cau-van-hanh/view'),
('qXuatDieuChuyenThietBi', '/taisan/yeu-cau-van-hanh/view'),
('qThayDoiMatKhauCaNhan', '/user/auth/change-own-password'),
('qXemDashboard', '/user/default/index'),
('qGiaoDienThietBi', '/user/giao-dien/index'),
('qXoaTaiKhoan', '/user/user-ajax/bulkdelete'),
('qThemTaiKhoan', '/user/user-ajax/create'),
('qXoaTaiKhoan', '/user/user-ajax/delete'),
('qDanhSachTaiKhoan', '/user/user-ajax/index'),
('qXemTaiKhoan', '/user/user-ajax/index'),
('qSuaTaiKhoan', '/user/user-ajax/update'),
('qXemTaiKhoan', '/user/user-ajax/view'),
('qPhanQuyenTaiKhoan', '/user/user-permission/set'),
('qPhanQuyenTaiKhoan', '/user/user-permission/set-roles'),
('qXemHoatDongCaNhan', '/user/user/activity'),
('user_20_', 'nDuyetBaoGiaMuaSam'),
('user_20_', 'nDuyetBaoGiaSuaChua'),
('user_20_', 'nDuyetDieuChuyenThietBi'),
('user_20_', 'nDuyetPhieuMuaSam'),
('user_20_', 'nQuanLyBaoTri'),
('user_20_', 'nQuanLyBoPhan'),
('user_20_', 'nQuanLyDanhMuc'),
('user_20_', 'nQuanLyDieuChuyenThietBi'),
('user_20_', 'nQuanLyDoiTac'),
('user_20_', 'nQuanLyHeThongThietBi'),
('user_20_', 'nQuanLyKho'),
('user_20_', 'nQuanLyLoaiThietBi'),
('user_20_', 'nQuanLyNhanVien'),
('user_20_', 'nQuanLyPhieuMuaSam'),
('user_20_', 'nQuanLyPhieuMuaSamVatTu'),
('user_20_', 'nQuanLyPhieuSuaChua'),
('user_20_', 'nQuanLyTaiSan'),
('user_20_', 'nQuanLyVatTuKho'),
('user_20_', 'nQuanLyViTri'),
('user_20_', 'nQuanTriTaiKhoan'),
('user_20_', 'nThemDieuChuyenThietBi'),
('user_20_', 'nThemPhieuMuaSam'),
('user_20_', 'nThemPhieuMuaSamVatTu'),
('user_20_', 'nXemTatCa'),
('user_20_', 'nXuatDieuChuyenThietBi'),
('nQuanLyDanhMuc', 'qDanhMucNhomDoiTac'),
('nQuanLyBoPhan', 'qDanhSachBoPhan'),
('nXemTatCa', 'qDanhSachBoPhan'),
('user_22_', 'qDanhSachBoPhan'),
('nQuanLyDoiTac', 'qDanhSachDoiTac'),
('nXemTatCa', 'qDanhSachDoiTac'),
('user_22_', 'qDanhSachDoiTac'),
('nQuanLyHeThongThietBi', 'qDanhSachHeThongThietBi'),
('nXemTatCa', 'qDanhSachHeThongThietBi'),
('nQuanLyKho', 'qDanhSachKho'),
('nXemTatCa', 'qDanhSachKho'),
('user_22_', 'qDanhSachKho'),
('nQuanLyLoaiThietBi', 'qDanhSachLoaiThietBi'),
('nXemTatCa', 'qDanhSachLoaiThietBi'),
('user_22_', 'qDanhSachLoaiThietBi'),
('nQuanLyNhanVien', 'qDanhSachNhanVien'),
('nXemTatCa', 'qDanhSachNhanVien'),
('user_22_', 'qDanhSachNhanVien'),
('nQuanTriTaiKhoan', 'qDanhSachTaiKhoan'),
('nXemTatCa', 'qDanhSachTaiKhoan'),
('nQuanLyTaiSan', 'qDanhSachTaiSan'),
('nXemTatCa', 'qDanhSachTaiSan'),
('user_22_', 'qDanhSachTaiSan'),
('nQuanLyViTri', 'qDanhSachViTri'),
('nXemTatCa', 'qDanhSachViTri'),
('user_22_', 'qDanhSachViTri'),
('nDuyetBaoGiaMuaSam', 'qDuyetBaoGiaMuaSam'),
('nDuyetBaoGiaSuaChua', 'qDuyetBaoGiaSuaChua'),
('nDuyetDieuChuyenThietBi', 'qDuyetDieuChuyenThietBi'),
('nQuanLyDieuChuyenThietBi', 'qDuyetDieuChuyenThietBi'),
('nDuyetPhieuMuaSam', 'qDuyetPhieuMuaSam'),
('nQuanLyPhieuMuaSam', 'qDuyetPhieuMuaSam'),
('macdinh', 'qGiaoDienThietBi'),
('user_22_', 'qGiaoDienThietBi'),
('nGuiDieuChuyenThietBi', 'qGuiDieuChuyenThietBi'),
('nQuanLyDieuChuyenThietBi', 'qGuiDieuChuyenThietBi'),
('user_22_', 'qGuiDieuChuyenThietBi'),
('nQuanLyTaiSan', 'qInQrTaiSan'),
('user_22_', 'qInQrTaiSan'),
('nQuanTriTaiKhoan', 'qPhanQuyenTaiKhoan'),
('nQuanLyBaoTri', 'qQuanLyDanhMucLoaiBaoTri'),
('user_22_', 'qQuanLyDanhMucLoaiBaoTri'),
('user_22_', 'qQuanLyTaiSanBoPhan'),
('user_22_', 'qQuanLyTaiSanCaNhan'),
('nQuanLyTaiSan', 'qScanQrTaiSan'),
('nXemTatCa', 'qScanQrTaiSan'),
('user_22_', 'qScanQrTaiSan'),
('nQuanLyPhieuMuaSam', 'qSuaBaoGiaMuaSam'),
('user_22_', 'qSuaBaoGiaMuaSam'),
('nQuanLyPhieuSuaChua', 'qSuaBaoGiaSuaChua'),
('user_22_', 'qSuaBaoGiaSuaChua'),
('nQuanLyBoPhan', 'qSuaBoPhan'),
('nQuanLyDieuChuyenThietBi', 'qSuaDieuChuyenThietBi'),
('nQuanLyDoiTac', 'qSuaDoiTac'),
('nQuanLyHeThongThietBi', 'qSuaHeThongThietBi'),
('nQuanLyBaoTri', 'qSuaKeHoachBaoTri'),
('user_22_', 'qSuaKeHoachBaoTri'),
('nQuanLyKho', 'qSuaKho'),
('nQuanLyLoaiThietBi', 'qSuaLoaiThietBi'),
('nQuanLyNhanVien', 'qSuaNhanVien'),
('nQuanLyBaoTri', 'qSuaPhieuBaoTri'),
('user_22_', 'qSuaPhieuBaoTri'),
('nQuanLyPhieuMuaSam', 'qSuaPhieuMuaSam'),
('user_22_', 'qSuaPhieuMuaSam'),
('nQuanLyPhieuMuaSamVatTu', 'qSuaPhieuMuaSamVatTu'),
('nQuanLyPhieuSuaChua', 'qSuaPhieuSuaChua'),
('user_22_', 'qSuaPhieuSuaChua'),
('nQuanTriTaiKhoan', 'qSuaTaiKhoan'),
('nQuanLyTaiSan', 'qSuaTaiSan'),
('nQuanLyVatTuKho', 'qSuaVatTu'),
('nQuanLyViTri', 'qSuaViTri'),
('macdinh', 'qThayDoiMatKhauCaNhan'),
('user_22_', 'qThayDoiMatKhauCaNhan'),
('nQuanLyBoPhan', 'qThemBoPhan'),
('nQuanLyDieuChuyenThietBi', 'qThemDieuChuyenThietBi'),
('nThemDieuChuyenThietBi', 'qThemDieuChuyenThietBi'),
('user_22_', 'qThemDieuChuyenThietBi'),
('nQuanLyDoiTac', 'qThemDoiTac'),
('user_22_', 'qThemDoiTac'),
('nQuanLyHeThongThietBi', 'qThemHeThongThietBi'),
('nQuanLyBaoTri', 'qThemKeHoachBaoTri'),
('user_22_', 'qThemKeHoachBaoTri'),
('nQuanLyKho', 'qThemKho'),
('nQuanLyLoaiThietBi', 'qThemLoaiThietBi'),
('nQuanLyNhanVien', 'qThemNhanVien'),
('nQuanLyPhieuMuaSam', 'qThemPhieuMuaSam'),
('nThemPhieuMuaSam', 'qThemPhieuMuaSam'),
('user_22_', 'qThemPhieuMuaSam'),
('nQuanLyPhieuMuaSamVatTu', 'qThemPhieuMuaSamVatTu'),
('nThemPhieuMuaSamVatTu', 'qThemPhieuMuaSamVatTu'),
('user_22_', 'qThemPhieuMuaSamVatTu'),
('nQuanLyPhieuSuaChua', 'qThemPhieuSuaChua'),
('user_22_', 'qThemPhieuSuaChua'),
('nQuanTriTaiKhoan', 'qThemTaiKhoan'),
('nQuanLyTaiSan', 'qThemTaiSan'),
('nQuanLyVatTuKho', 'qThemVatTu'),
('nQuanLyViTri', 'qThemViTri'),
('nQuanLyBoPhan', 'qXemBoPhan'),
('nXemTatCa', 'qXemBoPhan'),
('user_22_', 'qXemBoPhan'),
('nDuyetDieuChuyenThietBi', 'qXemDanhSachDieuChuyenThietBi'),
('nGuiDieuChuyenThietBi', 'qXemDanhSachDieuChuyenThietBi'),
('nQuanLyDieuChuyenThietBi', 'qXemDanhSachDieuChuyenThietBi'),
('nThemDieuChuyenThietBi', 'qXemDanhSachDieuChuyenThietBi'),
('nXuatDieuChuyenThietBi', 'qXemDanhSachDieuChuyenThietBi'),
('user_22_', 'qXemDanhSachDieuChuyenThietBi'),
('nQuanLyBaoTri', 'qXemDanhSachKeHoachBaoTri'),
('user_22_', 'qXemDanhSachKeHoachBaoTri'),
('nQuanLyBaoTri', 'qXemDanhSachPhieuBaoTri'),
('user_22_', 'qXemDanhSachPhieuBaoTri'),
('nDuyetBaoGiaMuaSam', 'qXemDanhSachPhieuMuaSam'),
('nDuyetPhieuMuaSam', 'qXemDanhSachPhieuMuaSam'),
('nQuanLyPhieuMuaSam', 'qXemDanhSachPhieuMuaSam'),
('nThemPhieuMuaSam', 'qXemDanhSachPhieuMuaSam'),
('user_22_', 'qXemDanhSachPhieuMuaSam'),
('nQuanLyPhieuMuaSamVatTu', 'qXemDanhSachPhieuMuaSamVatTu'),
('nThemPhieuMuaSamVatTu', 'qXemDanhSachPhieuMuaSamVatTu'),
('user_22_', 'qXemDanhSachPhieuMuaSamVatTu'),
('nQuanLyPhieuSuaChua', 'qXemDanhSachPhieuSuaChua'),
('user_22_', 'qXemDanhSachPhieuSuaChua'),
('nQuanLyVatTuKho', 'qXemDanhSachVatTu'),
('user_22_', 'qXemDanhSachVatTu'),
('macdinh', 'qXemDashboard'),
('user_22_', 'qXemDashboard'),
('nQuanLyDoiTac', 'qXemDoiTac'),
('nXemTatCa', 'qXemDoiTac'),
('user_22_', 'qXemDoiTac'),
('nQuanLyHeThongThietBi', 'qXemHeThongThietBi'),
('nXemTatCa', 'qXemHeThongThietBi'),
('macdinh', 'qXemHoatDongCaNhan'),
('user_22_', 'qXemHoatDongCaNhan'),
('nQuanLyKho', 'qXemKho'),
('nXemTatCa', 'qXemKho'),
('user_22_', 'qXemKho'),
('nQuanLyBaoTri', 'qXemLichBaoTri'),
('user_22_', 'qXemLichBaoTri'),
('nQuanLyLoaiThietBi', 'qXemLoaiThietBi'),
('nXemTatCa', 'qXemLoaiThietBi'),
('nQuanLyNhanVien', 'qXemNhanVien'),
('nXemTatCa', 'qXemNhanVien'),
('user_22_', 'qXemNhanVien'),
('nQuanLyBaoTri', 'qXemPhieuBaoTri'),
('user_22_', 'qXemPhieuBaoTri'),
('nQuanTriTaiKhoan', 'qXemTaiKhoan'),
('nXemTatCa', 'qXemTaiKhoan'),
('qSuaTaiKhoan', 'qXemTaiKhoan'),
('qThemTaiKhoan', 'qXemTaiKhoan'),
('qXoaTaiKhoan', 'qXemTaiKhoan'),
('nQuanLyTaiSan', 'qXemTaiSan'),
('nXemTatCa', 'qXemTaiSan'),
('qInQrTaiSan', 'qXemTaiSan'),
('qScanQrTaiSan', 'qXemTaiSan'),
('user_22_', 'qXemTaiSan'),
('nQuanLyViTri', 'qXemViTri'),
('nXemTatCa', 'qXemViTri'),
('user_22_', 'qXemViTri'),
('nQuanLyBoPhan', 'qXoaBoPhan'),
('nQuanLyDieuChuyenThietBi', 'qXoaDieuChuyenThietBi'),
('nQuanLyDoiTac', 'qXoaDoiTac'),
('nQuanLyHeThongThietBi', 'qXoaHeThongThietBi'),
('nQuanLyBaoTri', 'qXoaKeHoachBaoTri'),
('nQuanLyKho', 'qXoaKho'),
('nQuanLyLoaiThietBi', 'qXoaLoaiThietBi'),
('nQuanLyNhanVien', 'qXoaNhanVien'),
('nQuanLyPhieuMuaSam', 'qXoaPhieuMuaSam'),
('user_22_', 'qXoaPhieuMuaSam'),
('nQuanLyPhieuMuaSamVatTu', 'qXoaPhieuMuaSamVatTu'),
('nQuanLyPhieuSuaChua', 'qXoaPhieuSuaChua'),
('nQuanTriTaiKhoan', 'qXoaTaiKhoan'),
('nQuanLyTaiSan', 'qXoaTaiSan'),
('nQuanLyVatTuKho', 'qXoaVatTu'),
('nQuanLyViTri', 'qXoaViTri'),
('nQuanLyDieuChuyenThietBi', 'qXuatDieuChuyenThietBi'),
('nXuatDieuChuyenThietBi', 'qXuatDieuChuyenThietBi'),
('editUserEmail', 'viewUserEmail'),
('assignRolesToUsers', 'viewUserRoles'),
('assignRolesToUsers', 'viewUsers'),
('changeUserPassword', 'viewUsers'),
('createUsers', 'viewUsers'),
('deleteUsers', 'viewUsers'),
('editUsers', 'viewUsers');

-- --------------------------------------------------------

--
-- Table structure for table `auth_item_group`
--

DROP TABLE IF EXISTS `auth_item_group`;
CREATE TABLE IF NOT EXISTS `auth_item_group` (
  `code` varchar(64) NOT NULL,
  `name` varchar(255) NOT NULL,
  `created_at` int DEFAULT NULL,
  `updated_at` int DEFAULT NULL,
  PRIMARY KEY (`code`)
) ENGINE=InnoDB DEFAULT CHARSET=utf8mb3;

--
-- Dumping data for table `auth_item_group`
--

INSERT INTO `auth_item_group` (`code`, `name`, `created_at`, `updated_at`) VALUES
('accountsManage', 'Quản trị tài khoản người dùng', NULL, NULL),
('quanLyBaoTri', 'Quản lý Bảo trì - Bảo dưỡng', 1720401015, 1720401015),
('quanLyBoPhan', 'Quản lý Phòng ban - Bộ phận', NULL, NULL),
('quanLyDanhMuc', 'Quản lý danh mục', NULL, NULL),
('quanLyDieuChuyenThietBi', 'Quản lý điều chuyển thiết bị', 1720401015, 1720401015),
('quanLyDmVatTu', 'Quản lý danh mục vật tư kho', 1719540322, 1719540322),
('quanLyDoiTac', 'Quản lý đối tác', NULL, NULL),
('quanLyHeThongThietBi', 'Quản lý hệ thống thiết bị', NULL, NULL),
('quanLyKhoLuuTru', 'Quản lý kho lưu trữ', NULL, NULL),
('quanLyLoaiThietBi', 'Quản lý loại thiết bị', NULL, NULL),
('quanLyNhanVien', 'Quản lý nhân viên', NULL, NULL),
('quanLyPhieuMuaSam', 'Quản lý phiếu mua sắm', 1719540323, 1719540323),
('quanLyPhieuMuaSamVatTu', 'Quản lý phiếu mua sắm vật tư', 1721100951, 1721100951),
('quanLyPhieuSuaChua', 'Quản lý phiếu sửa chữa', 1719540322, 1719540322),
('quanLyTaiSan', 'Quản lý tài sản', NULL, NULL),
('quanLyViTri', 'Quản lý vị trí', NULL, NULL),
('userCommonPermissions', 'Quyền cho tài khoản', 1689001075, 1689001075),
('userManagement', 'User management', 1689001075, 1689001075);

-- --------------------------------------------------------

--
-- Table structure for table `auth_rule`
--

DROP TABLE IF EXISTS `auth_rule`;
CREATE TABLE IF NOT EXISTS `auth_rule` (
  `name` varchar(64) NOT NULL,
  `data` text,
  `created_at` int DEFAULT NULL,
  `updated_at` int DEFAULT NULL,
  PRIMARY KEY (`name`)
) ENGINE=InnoDB DEFAULT CHARSET=utf8mb3;

-- --------------------------------------------------------

--
-- Table structure for table `user`
--

DROP TABLE IF EXISTS `user`;
CREATE TABLE IF NOT EXISTS `user` (
  `id` int NOT NULL AUTO_INCREMENT,
  `username` varchar(255) NOT NULL,
  `auth_key` varchar(32) NOT NULL,
  `password_hash` varchar(255) NOT NULL,
  `confirmation_token` varchar(255) DEFAULT NULL,
  `status` int NOT NULL DEFAULT '1',
  `superadmin` smallint DEFAULT '0',
  `created_at` int NOT NULL,
  `updated_at` int NOT NULL,
  `registration_ip` varchar(15) DEFAULT NULL,
  `bind_to_ip` varchar(255) DEFAULT NULL,
  `email` varchar(128) DEFAULT NULL,
  `email_confirmed` smallint NOT NULL DEFAULT '0',
  PRIMARY KEY (`id`)
) ENGINE=InnoDB AUTO_INCREMENT=23 DEFAULT CHARSET=utf8mb3;

--
-- Dumping data for table `user`
--

INSERT INTO `user` (`id`, `username`, `auth_key`, `password_hash`, `confirmation_token`, `status`, `superadmin`, `created_at`, `updated_at`, `registration_ip`, `bind_to_ip`, `email`, `email_confirmed`) VALUES
(1, 'superadmin', 'Eh3yGaY9ys2CN7vmFwgJmN1aRu6aaUed', '$2y$13$PSqrfHBcnSig7v3YlWjRG.V5cNWTcCXAvTzS0YNyxudFgkfb91T0W', NULL, 1, 1, 1689001074, 1691109648, NULL, '', '', 0),
(2, 'u001', '0BGuWUbLL_Bf7HL969XStKm4DxEvRWBq', '$2y$13$c2TRCwOzJvGHD4DUeucfSuMMkJzIG0JIVybnE/chlgp.fSsu1zg96', NULL, 1, 0, 1689045928, 1691054879, '::1', '192.168.1.1', 'nguyenvana@gmail.com', 0),
(4, 'user003', 'c0ZYRq8LTpMVn3DZ96-j0__eHQs-rULR', '$2y$13$5oWUaqTVpr3vJTpx0USVMeWrJe6iGjnY7nWfIJrWGtnNw9Nqsn4da', NULL, 1, 0, 1689900390, 1689904172, '::1', '', 'a@gmail.copm', 0),
(17, 'nvven', 'mhblm4HsPH3P-p5lDHYo8djFj5_7-TK5', '$2y$13$K8hDson7cHWODz1Y2jU/4OmuVG0KfeEDrLf8OIUtsbEoHoCpvxspK', NULL, 1, 0, 1719545505, 1719545505, '113.161.235.233', '', '', 0),
(20, 'quanly', 'N8cdMWWcgMI9jvHhJgise7JpMUhklp0_', '$2y$13$JSmLCXuq1cXAs8PMgxY.C..bJXvIgYGfFsK21o3nu2eo8HWF4ypC6', NULL, 1, 0, 1724311207, 1724311207, '113.161.235.233', '', '', 0),
(22, 'nv1', 'Q-KsZvmTYaPKxVJashUhdVtdhaaVgLD-', '$2y$13$jQmkIy/ZNkqOEZOPnvQpLeKrz2eAFD7uBJRMxprwBKxxXq2hv0Kd6', NULL, 1, 0, 1724311526, 1724311526, '113.161.235.233', '', '', 0);

-- --------------------------------------------------------

--
-- Table structure for table `user_visit_log`
--

DROP TABLE IF EXISTS `user_visit_log`;
CREATE TABLE IF NOT EXISTS `user_visit_log` (
  `id` int NOT NULL AUTO_INCREMENT,
  `token` varchar(255) NOT NULL,
  `ip` varchar(15) NOT NULL,
  `language` char(2) NOT NULL,
  `user_agent` varchar(255) NOT NULL,
  `user_id` int DEFAULT NULL,
  `visit_time` int NOT NULL,
  `browser` varchar(30) DEFAULT NULL,
  `os` varchar(20) DEFAULT NULL,
  PRIMARY KEY (`id`),
  KEY `user_id` (`user_id`)
) ENGINE=InnoDB AUTO_INCREMENT=218 DEFAULT CHARSET=utf8mb3;

--
-- Dumping data for table `user_visit_log`
--

INSERT INTO `user_visit_log` (`id`, `token`, `ip`, `language`, `user_agent`, `user_id`, `visit_time`, `browser`, `os`) VALUES
(1, '64ac1d37ca7e3', '127.0.0.1', 'en', 'Mozilla/5.0 (Windows NT 10.0; Win64; x64) AppleWebKit/537.36 (KHTML, like Gecko) Chrome/114.0.0.0 Safari/537.36', 1, 1689001271, 'Chrome', 'Windows'),
(2, '64acb3bed5ec5', '::1', 'en', 'Mozilla/5.0 (Windows NT 10.0; Win64; x64) AppleWebKit/537.36 (KHTML, like Gecko) Chrome/114.0.0.0 Safari/537.36', 1, 1689039806, 'Chrome', 'Windows'),
(3, '64acb70d6a873', '::1', 'en', 'Mozilla/5.0 (Windows NT 10.0; Win64; x64) AppleWebKit/537.36 (KHTML, like Gecko) Chrome/114.0.0.0 Safari/537.36', 1, 1689040653, 'Chrome', 'Windows'),
(4, '64acb737330e5', '::1', 'en', 'Mozilla/5.0 (Windows NT 10.0; Win64; x64) AppleWebKit/537.36 (KHTML, like Gecko) Chrome/114.0.0.0 Safari/537.36', 1, 1689040695, 'Chrome', 'Windows'),
(5, '64acb7fcc2409', '::1', 'en', 'Mozilla/5.0 (Windows NT 10.0; Win64; x64) AppleWebKit/537.36 (KHTML, like Gecko) Chrome/114.0.0.0 Safari/537.36', 1, 1689040892, 'Chrome', 'Windows'),
(6, '64acc05a22083', '::1', 'en', 'Mozilla/5.0 (Windows NT 10.0; Win64; x64) AppleWebKit/537.36 (KHTML, like Gecko) Chrome/114.0.0.0 Safari/537.36', 1, 1689043034, 'Chrome', 'Windows'),
(7, '64acc2c941e0d', '::1', 'en', 'Mozilla/5.0 (Windows NT 10.0; Win64; x64) AppleWebKit/537.36 (KHTML, like Gecko) Chrome/114.0.0.0 Safari/537.36', 1, 1689043657, 'Chrome', 'Windows'),
(8, '64acc2d28c346', '::1', 'en', 'Mozilla/5.0 (Windows NT 10.0; Win64; x64) AppleWebKit/537.36 (KHTML, like Gecko) Chrome/114.0.0.0 Safari/537.36', 1, 1689043666, 'Chrome', 'Windows'),
(9, '64acc33e167a7', '::1', 'en', 'Mozilla/5.0 (Windows NT 10.0; Win64; x64) AppleWebKit/537.36 (KHTML, like Gecko) Chrome/114.0.0.0 Safari/537.36', 1, 1689043774, 'Chrome', 'Windows'),
(10, '64acc486d2377', '::1', 'en', 'Mozilla/5.0 (Windows NT 10.0; Win64; x64) AppleWebKit/537.36 (KHTML, like Gecko) Chrome/114.0.0.0 Safari/537.36', 1, 1689044102, 'Chrome', 'Windows'),
(11, '64acc508bccd5', '::1', 'en', 'Mozilla/5.0 (Windows NT 10.0; Win64; x64) AppleWebKit/537.36 (KHTML, like Gecko) Chrome/114.0.0.0 Safari/537.36', 1, 1689044232, 'Chrome', 'Windows'),
(12, '64acc7abc6b9a', '::1', 'en', 'Mozilla/5.0 (Windows NT 10.0; Win64; x64) AppleWebKit/537.36 (KHTML, like Gecko) Chrome/114.0.0.0 Safari/537.36', 1, 1689044907, 'Chrome', 'Windows'),
(13, '64acc81c9c590', '::1', 'en', 'Mozilla/5.0 (Windows NT 10.0; Win64; x64) AppleWebKit/537.36 (KHTML, like Gecko) Chrome/114.0.0.0 Safari/537.36', 1, 1689045020, 'Chrome', 'Windows'),
(14, '64acfaedbf81a', '::1', 'en', 'Mozilla/5.0 (Windows NT 10.0; Win64; x64) AppleWebKit/537.36 (KHTML, like Gecko) Chrome/114.0.0.0 Safari/537.36', 1, 1689058029, 'Chrome', 'Windows'),
(15, '64ad1150dd4b2', '::1', 'en', 'Mozilla/5.0 (Windows NT 10.0; Win64; x64) AppleWebKit/537.36 (KHTML, like Gecko) Chrome/114.0.0.0 Safari/537.36', 1, 1689063760, 'Chrome', 'Windows'),
(16, '64adf89b3beee', '::1', 'en', 'Mozilla/5.0 (Windows NT 10.0; Win64; x64) AppleWebKit/537.36 (KHTML, like Gecko) Chrome/114.0.0.0 Safari/537.36', 1, 1689122971, 'Chrome', 'Windows'),
(17, '64ae020475511', '::1', 'en', 'Mozilla/5.0 (Windows NT 10.0; Win64; x64) AppleWebKit/537.36 (KHTML, like Gecko) Chrome/114.0.0.0 Safari/537.36', 1, 1689125380, 'Chrome', 'Windows'),
(18, '64af6c8ea9c89', '::1', 'en', 'Mozilla/5.0 (Windows NT 10.0; Win64; x64) AppleWebKit/537.36 (KHTML, like Gecko) Chrome/114.0.0.0 Safari/537.36', 1, 1689218190, 'Chrome', 'Windows'),
(19, '64b4a3b7820cf', '::1', 'en', 'Mozilla/5.0 (Windows NT 10.0; Win64; x64) AppleWebKit/537.36 (KHTML, like Gecko) Chrome/114.0.0.0 Safari/537.36', 1, 1689559991, 'Chrome', 'Windows'),
(20, '64b5e052360a0', '::1', 'en', 'Mozilla/5.0 (Windows NT 10.0; Win64; x64) AppleWebKit/537.36 (KHTML, like Gecko) Chrome/114.0.0.0 Safari/537.36', 1, 1689641042, 'Chrome', 'Windows'),
(21, '64b636f76975e', '::1', 'en', 'Mozilla/5.0 (Windows NT 10.0; Win64; x64) AppleWebKit/537.36 (KHTML, like Gecko) Chrome/114.0.0.0 Safari/537.36', 1, 1689663223, 'Chrome', 'Windows'),
(22, '64b63aafc1b02', '::1', 'en', 'Mozilla/5.0 (Windows NT 10.0; Win64; x64) AppleWebKit/537.36 (KHTML, like Gecko) Chrome/114.0.0.0 Safari/537.36', 1, 1689664175, 'Chrome', 'Windows'),
(23, '64b885dc0428b', '::1', 'en', 'Mozilla/5.0 (Windows NT 10.0; Win64; x64) AppleWebKit/537.36 (KHTML, like Gecko) Chrome/114.0.0.0 Safari/537.36', 1, 1689814492, 'Chrome', 'Windows'),
(24, '64b8e9535ecd9', '::1', 'en', 'Mozilla/5.0 (Windows NT 10.0; Win64; x64) AppleWebKit/537.36 (KHTML, like Gecko) Chrome/114.0.0.0 Safari/537.36', 1, 1689839955, 'Chrome', 'Windows'),
(25, '64b9d53d212f0', '::1', 'en', 'Mozilla/5.0 (Windows NT 10.0; Win64; x64) AppleWebKit/537.36 (KHTML, like Gecko) Chrome/114.0.0.0 Safari/537.36', 1, 1689900349, 'Chrome', 'Windows'),
(26, '64b9dba7de6fb', '::1', 'en', 'Mozilla/5.0 (Windows NT 10.0; Win64; x64) AppleWebKit/537.36 (KHTML, like Gecko) Chrome/114.0.0.0 Safari/537.36', NULL, 1689901991, 'Chrome', 'Windows'),
(27, '64b9de5bcea89', '::1', 'en', 'Mozilla/5.0 (Windows NT 10.0; Win64; x64) AppleWebKit/537.36 (KHTML, like Gecko) Chrome/114.0.0.0 Safari/537.36', NULL, 1689902683, 'Chrome', 'Windows'),
(28, '64bb4c7662ea6', '::1', 'en', 'Mozilla/5.0 (Windows NT 10.0; Win64; x64) AppleWebKit/537.36 (KHTML, like Gecko) Chrome/114.0.0.0 Safari/537.36', 1, 1689996406, 'Chrome', 'Windows'),
(29, '64be1ea575fd9', '::1', 'en', 'Mozilla/5.0 (Windows NT 10.0; Win64; x64) AppleWebKit/537.36 (KHTML, like Gecko) Chrome/114.0.0.0 Safari/537.36', 1, 1690181285, 'Chrome', 'Windows'),
(30, '64bf34abd0975', '::1', 'en', 'Mozilla/5.0 (Windows NT 10.0; Win64; x64) AppleWebKit/537.36 (KHTML, like Gecko) Chrome/114.0.0.0 Safari/537.36', 1, 1690252459, 'Chrome', 'Windows'),
(31, '64bf41e58e7c4', '::1', 'en', 'Mozilla/5.0 (Windows NT 10.0; Win64; x64) AppleWebKit/537.36 (KHTML, like Gecko) Chrome/114.0.0.0 Safari/537.36', 1, 1690255845, 'Chrome', 'Windows'),
(32, '64bf8ea9678e0', '::1', 'en', 'Mozilla/5.0 (Windows NT 10.0; Win64; x64) AppleWebKit/537.36 (KHTML, like Gecko) Chrome/114.0.0.0 Safari/537.36', 1, 1690275497, 'Chrome', 'Windows'),
(33, '64bf9ab95a8fb', '::1', 'en', 'Mozilla/5.0 (Windows NT 10.0; Win64; x64) AppleWebKit/537.36 (KHTML, like Gecko) Chrome/114.0.0.0 Safari/537.36', 1, 1690278585, 'Chrome', 'Windows'),
(34, '64c06dfd7e0ec', '::1', 'en', 'Mozilla/5.0 (Windows NT 10.0; Win64; x64) AppleWebKit/537.36 (KHTML, like Gecko) Chrome/114.0.0.0 Safari/537.36', 1, 1690332669, 'Chrome', 'Windows'),
(35, '64c1be391be67', '::1', 'en', 'Mozilla/5.0 (Windows NT 10.0; Win64; x64) AppleWebKit/537.36 (KHTML, like Gecko) Chrome/114.0.0.0 Safari/537.36', 1, 1690418745, 'Chrome', 'Windows'),
(36, '64c21d8b3f7d8', '::1', 'en', 'Mozilla/5.0 (Windows NT 10.0; Win64; x64) AppleWebKit/537.36 (KHTML, like Gecko) Chrome/114.0.0.0 Safari/537.36', 1, 1690443147, 'Chrome', 'Windows'),
(37, '64c23d7a05552', '::1', 'en', 'Mozilla/5.0 (Windows NT 10.0; Win64; x64) AppleWebKit/537.36 (KHTML, like Gecko) Chrome/114.0.0.0 Safari/537.36', 1, 1690451322, 'Chrome', 'Windows'),
(38, '64c3262e4f893', '::1', 'en', 'Mozilla/5.0 (Windows NT 10.0; Win64; x64) AppleWebKit/537.36 (KHTML, like Gecko) Chrome/115.0.0.0 Safari/537.36', 1, 1690510894, 'Chrome', 'Windows'),
(39, '64c370d624b2e', '::1', 'en', 'Mozilla/5.0 (Windows NT 10.0; Win64; x64) AppleWebKit/537.36 (KHTML, like Gecko) Chrome/115.0.0.0 Safari/537.36', 1, 1690530006, 'Chrome', 'Windows'),
(40, '64c474e113efd', '::1', 'en', 'Mozilla/5.0 (Windows NT 10.0; Win64; x64) AppleWebKit/537.36 (KHTML, like Gecko) Chrome/115.0.0.0 Safari/537.36', 1, 1690596577, 'Chrome', 'Windows'),
(41, '64c7059d5721c', '::1', 'en', 'Mozilla/5.0 (Windows NT 10.0; Win64; x64) AppleWebKit/537.36 (KHTML, like Gecko) Chrome/115.0.0.0 Safari/537.36', 1, 1690764701, 'Chrome', 'Windows'),
(42, '64c85241bfc7f', '::1', 'en', 'Mozilla/5.0 (Windows NT 10.0; Win64; x64) AppleWebKit/537.36 (KHTML, like Gecko) Chrome/115.0.0.0 Safari/537.36', 1, 1690849857, 'Chrome', 'Windows'),
(43, '64c9a0ec86c54', '::1', 'en', 'Mozilla/5.0 (Windows NT 10.0; Win64; x64) AppleWebKit/537.36 (KHTML, like Gecko) Chrome/115.0.0.0 Safari/537.36', 1, 1690935532, 'Chrome', 'Windows'),
(44, '64caf5e13a179', '::1', 'en', 'Mozilla/5.0 (Windows NT 10.0; Win64; x64) AppleWebKit/537.36 (KHTML, like Gecko) Chrome/115.0.0.0 Safari/537.36', 1, 1691022817, 'Chrome', 'Windows'),
(45, '64cb56ed5789c', '::1', 'en', 'Mozilla/5.0 (Windows NT 10.0; Win64; x64) AppleWebKit/537.36 (KHTML, like Gecko) Chrome/115.0.0.0 Safari/537.36', 1, 1691047661, 'Chrome', 'Windows'),
(46, '64cb57fa7db2b', '::1', 'en', 'Mozilla/5.0 (Windows NT 10.0; Win64; x64) AppleWebKit/537.36 (KHTML, like Gecko) Chrome/115.0.0.0 Safari/537.36', 1, 1691047930, 'Chrome', 'Windows'),
(47, '64cb733645510', '::1', 'en', 'Mozilla/5.0 (Windows NT 10.0; Win64; x64) AppleWebKit/537.36 (KHTML, like Gecko) Chrome/115.0.0.0 Safari/537.36', 1, 1691054902, 'Chrome', 'Windows'),
(48, '64cc47e9353b2', '::1', 'en', 'Mozilla/5.0 (Windows NT 10.0; Win64; x64) AppleWebKit/537.36 (KHTML, like Gecko) Chrome/115.0.0.0 Safari/537.36', 1, 1691109353, 'Chrome', 'Windows'),
(49, '64cc48e552ee3', '::1', 'en', 'Mozilla/5.0 (Windows NT 10.0; Win64; x64) AppleWebKit/537.36 (KHTML, like Gecko) Chrome/115.0.0.0 Safari/537.36', NULL, 1691109605, 'Chrome', 'Windows'),
(50, '64cc490102635', '::1', 'en', 'Mozilla/5.0 (Windows NT 10.0; Win64; x64) AppleWebKit/537.36 (KHTML, like Gecko) Chrome/115.0.0.0 Safari/537.36', 1, 1691109633, 'Chrome', 'Windows'),
(51, '64cc4b05ecb90', '::1', 'en', 'Mozilla/5.0 (Windows NT 10.0; Win64; x64) AppleWebKit/537.36 (KHTML, like Gecko) Chrome/115.0.0.0 Safari/537.36', NULL, 1691110149, 'Chrome', 'Windows'),
(52, '64ccaac9edc42', '::1', 'en', 'Mozilla/5.0 (Windows NT 10.0; Win64; x64) AppleWebKit/537.36 (KHTML, like Gecko) Chrome/115.0.0.0 Safari/537.36', 1, 1691134665, 'Chrome', 'Windows'),
(53, '64cda83434a78', '::1', 'en', 'Mozilla/5.0 (Windows NT 10.0; Win64; x64) AppleWebKit/537.36 (KHTML, like Gecko) Chrome/115.0.0.0 Safari/537.36', 1, 1691199540, 'Chrome', 'Windows'),
(54, '64d041b1b9263', '::1', 'en', 'Mozilla/5.0 (Windows NT 10.0; Win64; x64) AppleWebKit/537.36 (KHTML, like Gecko) Chrome/115.0.0.0 Safari/537.36', 1, 1691369905, 'Chrome', 'Windows'),
(55, '64d0595fa5457', '::1', 'en', 'Mozilla/5.0 (Windows NT 10.0; Win64; x64) AppleWebKit/537.36 (KHTML, like Gecko) Chrome/115.0.0.0 Safari/537.36', NULL, 1691375967, 'Chrome', 'Windows'),
(56, '64d1040d65d53', '127.0.0.1', 'en', 'Mozilla/5.0 (Windows NT 10.0; Win64; x64) AppleWebKit/537.36 (KHTML, like Gecko) Chrome/115.0.0.0 Safari/537.36', 1, 1691419661, 'Chrome', 'Windows'),
(57, '64d1f03bbf342', '::1', 'en', 'Mozilla/5.0 (Windows NT 10.0; Win64; x64) AppleWebKit/537.36 (KHTML, like Gecko) Chrome/115.0.0.0 Safari/537.36', 1, 1691480123, 'Chrome', 'Windows'),
(58, '64effad392ecb', '113.161.235.252', 'en', 'Mozilla/5.0 (Macintosh; Intel Mac OS X 10_15_7) AppleWebKit/605.1.15 (KHTML, like Gecko) Version/16.6 Safari/605.1.15', 1, 1693448915, 'Safari', 'mac'),
(59, '64f53bf332a0c', '203.162.87.76', 'vi', 'Mozilla/5.0 (iPhone; CPU iPhone OS 16_6 like Mac OS X) AppleWebKit/605.1.15 (KHTML, like Gecko) Version/16.6 Mobile/15E148 Safari/604.1', 1, 1693793267, 'iPhone', 'iPhone'),
(60, '6576ad7b0b7f9', '115.74.244.101', 'vi', 'Mozilla/5.0 (Windows NT 10.0; Win64; x64) AppleWebKit/537.36 (KHTML, like Gecko) Chrome/120.0.0.0 Safari/537.36', 1, 1702276475, 'Chrome', 'Windows'),
(61, '6576c5484063b', '::1', 'vi', 'Mozilla/5.0 (Windows NT 10.0; Win64; x64) AppleWebKit/537.36 (KHTML, like Gecko) Chrome/120.0.0.0 Safari/537.36', 1, 1702282568, 'Chrome', 'Windows'),
(62, '659ceded68e5a', '113.161.235.252', 'en', 'Mozilla/5.0 (Windows NT 10.0; Win64; x64) AppleWebKit/537.36 (KHTML, like Gecko) Chrome/120.0.0.0 Safari/537.36', 1, 1704783341, 'Chrome', 'Windows'),
(63, '659d0c8239e73', '27.71.98.107', 'en', 'Mozilla/5.0 (Windows NT 10.0; Win64; x64) AppleWebKit/537.36 (KHTML, like Gecko) Chrome/120.0.0.0 Safari/537.36', 1, 1704791170, 'Chrome', 'Windows'),
(64, '659d0e260e79f', '113.161.235.252', 'en', 'Mozilla/5.0 (Windows NT 10.0; Win64; x64) AppleWebKit/537.36 (KHTML, like Gecko) Chrome/120.0.0.0 Safari/537.36', 1, 1704791590, 'Chrome', 'Windows'),
(65, '659e36e331e6e', '115.74.244.101', 'en', 'Mozilla/5.0 (Macintosh; Intel Mac OS X 10_15_7) AppleWebKit/537.36 (KHTML, like Gecko) Chrome/119.0.0.0 Safari/537.36', 1, 1704867555, 'Chrome', 'mac'),
(66, '659e36e378110', '115.74.244.101', 'en', 'Mozilla/5.0 (Macintosh; Intel Mac OS X 10_15_7) AppleWebKit/537.36 (KHTML, like Gecko) Chrome/119.0.0.0 Safari/537.36', 1, 1704867555, 'Chrome', 'mac'),
(67, '65bb60666e947', '116.102.113.25', 'vi', 'Mozilla/5.0 (Windows NT 6.1) AppleWebKit/537.36 (KHTML, like Gecko) Chrome/109.0.0.0 Safari/537.36', 1, 1706778726, 'Chrome', 'Windows'),
(68, '65bb671fa6532', '116.102.113.25', 'vi', 'Mozilla/5.0 (Windows NT 6.1) AppleWebKit/537.36 (KHTML, like Gecko) Chrome/109.0.0.0 Safari/537.36', 1, 1706780447, 'Chrome', 'Windows'),
(69, '65bb67334ec77', '116.102.113.25', 'vi', 'Mozilla/5.0 (Windows NT 6.1) AppleWebKit/537.36 (KHTML, like Gecko) Chrome/109.0.0.0 Safari/537.36', 1, 1706780467, 'Chrome', 'Windows'),
(70, '65bb675d8a53b', '116.102.113.25', 'vi', 'Mozilla/5.0 (Windows NT 6.1) AppleWebKit/537.36 (KHTML, like Gecko) Chrome/109.0.0.0 Safari/537.36', 1, 1706780509, 'Chrome', 'Windows'),
(71, '65bb7c682fe6f', '113.161.235.252', 'en', 'Mozilla/5.0 (Windows NT 10.0; Win64; x64) AppleWebKit/537.36 (KHTML, like Gecko) Chrome/121.0.0.0 Safari/537.36', 1, 1706785896, 'Chrome', 'Windows'),
(72, '65c2e08e2e3a3', '115.74.244.101', 'vi', 'Mozilla/5.0 (Windows NT 10.0; Win64; x64) AppleWebKit/537.36 (KHTML, like Gecko) Chrome/121.0.0.0 Safari/537.36', 1, 1707270286, 'Chrome', 'Windows'),
(73, '65d08a4aaca4f', '115.74.244.101', 'en', 'Mozilla/5.0 (iPhone; CPU iPhone OS 17_2_1 like Mac OS X) AppleWebKit/605.1.15 (KHTML, like Gecko) Mobile/15E148 Zalo iOS/584 ZaloTheme/light ZaloLanguage/en', 1, 1708165706, 'iPhone', 'iPhone'),
(74, '65d484ad04580', '113.161.235.233', 'en', 'Mozilla/5.0 (Windows NT 10.0; Win64; x64) AppleWebKit/537.36 (KHTML, like Gecko) Chrome/121.0.0.0 Safari/537.36', 1, 1708426413, 'Chrome', 'Windows'),
(75, '65d6aad8f2fb5', '27.71.98.83', 'en', 'Mozilla/5.0 (Windows NT 10.0; Win64; x64) AppleWebKit/537.36 (KHTML, like Gecko) Chrome/121.0.0.0 Safari/537.36', 1, 1708567256, 'Chrome', 'Windows'),
(76, '65ea6b155df57', '113.161.235.233', 'en', 'Mozilla/5.0 (Windows NT 10.0; Win64; x64) AppleWebKit/537.36 (KHTML, like Gecko) Chrome/122.0.0.0 Safari/537.36', 1, 1709861653, 'Chrome', 'Windows'),
(77, '65f4f17eee414', '113.161.235.233', 'en', 'Mozilla/5.0 (Windows NT 10.0; Win64; x64) AppleWebKit/537.36 (KHTML, like Gecko) Chrome/122.0.0.0 Safari/537.36', 1, 1710551423, 'Chrome', 'Windows'),
(78, '65f4f261b1785', '115.74.244.101', 'en', 'Mozilla/5.0 (Windows NT 10.0; Win64; x64) AppleWebKit/537.36 (KHTML, like Gecko) Chrome/122.0.0.0 Safari/537.36 Edg/122.0.0.0', 1, 1710551649, 'Chrome', 'Windows'),
(79, '65f5109e3d02c', '115.74.244.101', 'en', 'Mozilla/5.0 (Windows NT 10.0; Win64; x64) AppleWebKit/537.36 (KHTML, like Gecko) Chrome/122.0.0.0 Safari/537.36 Edg/122.0.0.0', 1, 1710559390, 'Chrome', 'Windows'),
(80, '65f513a1bb463', '27.71.99.18', 'en', 'Mozilla/5.0 (Windows NT 10.0; Win64; x64) AppleWebKit/537.36 (KHTML, like Gecko) Chrome/122.0.0.0 Safari/537.36', 1, 1710560161, 'Chrome', 'Windows'),
(81, '65f51cf0c1419', '103.199.32.217', 'vi', 'Mozilla/5.0 (Linux; Android 11; Live 4 Build/RKQ1.200928.002;) AppleWebKit/537.36 (KHTML, like Gecko) Version/4.0 Chrome/121.0.6167.178 Mobile Safari/537.36 Zalo android/12100729 ZaloTheme/light ZaloLanguage/vi', 1, 1710562544, 'Chrome', 'Android'),
(82, '65f51cf177969', '103.199.32.217', 'vi', 'Mozilla/5.0 (Linux; Android 11; Live 4 Build/RKQ1.200928.002;) AppleWebKit/537.36 (KHTML, like Gecko) Version/4.0 Chrome/121.0.6167.178 Mobile Safari/537.36 Zalo android/12100729 ZaloTheme/light ZaloLanguage/vi', 1, 1710562545, 'Chrome', 'Android'),
(83, '65f52e05f4155', '14.234.86.17', 'vi', 'Mozilla/5.0 (iPhone; CPU iPhone OS 17_4 like Mac OS X) AppleWebKit/605.1.15 (KHTML, like Gecko) Version/17.4 Mobile/15E148 Safari/604.1', 1, 1710566918, 'iPhone', 'iPhone'),
(84, '65f52e06c45b0', '14.234.86.17', 'vi', 'Mozilla/5.0 (iPhone; CPU iPhone OS 17_4 like Mac OS X) AppleWebKit/605.1.15 (KHTML, like Gecko) Version/17.4 Mobile/15E148 Safari/604.1', 1, 1710566918, 'iPhone', 'iPhone'),
(85, '65f550dbd7bde', '115.76.35.127', 'en', 'Mozilla/5.0 (Windows NT 10.0; Win64; x64) AppleWebKit/537.36 (KHTML, like Gecko) Chrome/122.0.0.0 Safari/537.36 Edg/122.0.0.0', 1, 1710575835, 'Chrome', 'Windows'),
(86, '65f55a53b1cfe', '14.234.86.17', 'vi', 'Mozilla/5.0 (iPhone; CPU iPhone OS 17_4 like Mac OS X) AppleWebKit/605.1.15 (KHTML, like Gecko) Mobile/15E148 Zalo iOS/588 ZaloTheme/dark ZaloLanguage/vn', 1, 1710578259, 'iPhone', 'iPhone'),
(87, '65f55a9f51508', '103.199.33.215', 'vi', 'Mozilla/5.0 (Linux; Android 11; Live 4 Build/RKQ1.200928.002;) AppleWebKit/537.36 (KHTML, like Gecko) Version/4.0 Chrome/121.0.6167.178 Mobile Safari/537.36 Zalo android/12100729 ZaloTheme/light ZaloLanguage/vi', 1, 1710578335, 'Chrome', 'Android'),
(88, '65f669fe4e4da', '113.163.116.178', 'en', 'Mozilla/5.0 (Windows NT 10.0; Win64; x64) AppleWebKit/537.36 (KHTML, like Gecko) Chrome/122.0.0.0 Safari/537.36 Edg/122.0.0.0', 1, 1710647806, 'Chrome', 'Windows'),
(89, '65f6c2ba48762', '113.163.116.178', 'en', 'Mozilla/5.0 (Windows NT 10.0; Win64; x64) AppleWebKit/537.36 (KHTML, like Gecko) Chrome/122.0.0.0 Safari/537.36', 1, 1710670522, 'Chrome', 'Windows'),
(90, '65f6c5c2f1d06', '113.163.116.178', 'en', 'Mozilla/5.0 (Windows NT 10.0; Win64; x64) AppleWebKit/537.36 (KHTML, like Gecko) Chrome/122.0.0.0 Safari/537.36 Edg/122.0.0.0', 1, 1710671298, 'Chrome', 'Windows'),
(91, '65f78785985ba', '115.76.35.127', 'en', 'Mozilla/5.0 (Windows NT 10.0; Win64; x64) AppleWebKit/537.36 (KHTML, like Gecko) Chrome/122.0.0.0 Safari/537.36 Edg/122.0.0.0', 1, 1710720901, 'Chrome', 'Windows'),
(92, '65f7a20b7fe69', '115.76.35.127', 'en', 'Mozilla/5.0 (Windows NT 10.0; Win64; x64) AppleWebKit/537.36 (KHTML, like Gecko) Chrome/122.0.0.0 Safari/537.36 Edg/122.0.0.0', 1, 1710727691, 'Chrome', 'Windows'),
(93, '65f7aed889d4b', '113.161.235.233', 'en', 'Mozilla/5.0 (Windows NT 10.0; Win64; x64) AppleWebKit/537.36 (KHTML, like Gecko) Chrome/122.0.0.0 Safari/537.36', 1, 1710730968, 'Chrome', 'Windows'),
(94, '65f8f4049030d', '103.199.33.107', 'vi', 'Mozilla/5.0 (Linux; Android 11; Live 4 Build/RKQ1.200928.002;) AppleWebKit/537.36 (KHTML, like Gecko) Version/4.0 Chrome/121.0.6167.178 Mobile Safari/537.36 Zalo android/12100729 ZaloTheme/light ZaloLanguage/vi', 1, 1710814212, 'Chrome', 'Android'),
(95, '65fb9f7d84a65', '113.161.235.233', 'en', 'Mozilla/5.0 (Windows NT 10.0; Win64; x64) AppleWebKit/537.36 (KHTML, like Gecko) Chrome/122.0.0.0 Safari/537.36', 1, 1710989181, 'Chrome', 'Windows'),
(96, '65fce81933b4a', '115.76.35.127', 'vi', 'Mozilla/5.0 (Windows NT 10.0; Win64; x64) AppleWebKit/537.36 (KHTML, like Gecko) Chrome/122.0.0.0 Safari/537.36 Edg/122.0.0.0', 1, 1711073305, 'Chrome', 'Windows'),
(97, '65fd230012076', '115.76.35.127', 'en', 'Mozilla/5.0 (Windows NT 10.0; Win64; x64) AppleWebKit/537.36 (KHTML, like Gecko) Chrome/122.0.0.0 Safari/537.36 Edg/122.0.0.0', 1, 1711088384, 'Chrome', 'Windows'),
(98, '65fea2f36b25a', '115.76.35.127', 'en', 'Mozilla/5.0 (Windows NT 10.0; Win64; x64) AppleWebKit/537.36 (KHTML, like Gecko) Chrome/122.0.0.0 Safari/537.36 Edg/122.0.0.0', 1, 1711186675, 'Chrome', 'Windows'),
(99, '6600df846aa60', '115.76.35.127', 'en', 'Mozilla/5.0 (Windows NT 10.0; Win64; x64) AppleWebKit/537.36 (KHTML, like Gecko) Chrome/122.0.0.0 Safari/537.36 Edg/122.0.0.0', 1, 1711333252, 'Chrome', 'Windows'),
(100, '660115b771bb5', '115.76.35.127', 'en', 'Mozilla/5.0 (Windows NT 10.0; Win64; x64) AppleWebKit/537.36 (KHTML, like Gecko) Chrome/122.0.0.0 Safari/537.36 Edg/122.0.0.0', 1, 1711347127, 'Chrome', 'Windows'),
(101, '660115c01cd52', '115.76.35.127', 'en', 'Mozilla/5.0 (Windows NT 6.1; WOW64) AppleWebKit/537.36 (KHTML, like Gecko) Chrome/109.0.0.0 Safari/537.36', 1, 1711347136, 'Chrome', 'Windows'),
(102, '66016c529558f', '115.73.245.13', 'vi', 'Mozilla/5.0 (Linux; Android 10; K) AppleWebKit/537.36 (KHTML, like Gecko) Chrome/122.0.0.0 Mobile Safari/537.36', 1, 1711369298, 'Chrome', 'Android'),
(103, '660211cc4e804', '115.76.35.127', 'en', 'Mozilla/5.0 (Windows NT 10.0; Win64; x64) AppleWebKit/537.36 (KHTML, like Gecko) Chrome/122.0.0.0 Safari/537.36 Edg/122.0.0.0', 1, 1711411660, 'Chrome', 'Windows'),
(104, '6602133458ab4', '115.76.35.127', 'en', 'Mozilla/5.0 (Windows NT 6.1; WOW64) AppleWebKit/537.36 (KHTML, like Gecko) Chrome/109.0.0.0 Safari/537.36', 1, 1711412020, 'Chrome', 'Windows'),
(105, '660229750837e', '115.76.35.127', 'vi', 'Mozilla/5.0 (Windows NT 10.0; Win64; x64) AppleWebKit/537.36 (KHTML, like Gecko) Chrome/122.0.0.0 Safari/537.36', 1, 1711417717, 'Chrome', 'Windows'),
(106, '660265d6350d1', '115.76.35.127', 'en', 'Mozilla/5.0 (Windows NT 6.1; WOW64) AppleWebKit/537.36 (KHTML, like Gecko) Chrome/109.0.0.0 Safari/537.36', 1, 1711433174, 'Chrome', 'Windows'),
(107, '66027396561bf', '115.76.35.127', 'vi', 'Mozilla/5.0 (Windows NT 10.0; Win64; x64) AppleWebKit/537.36 (KHTML, like Gecko) Chrome/122.0.0.0 Safari/537.36', 1, 1711436694, 'Chrome', 'Windows'),
(108, '660610003a6fd', '115.76.35.127', 'vi', 'Mozilla/5.0 (Windows NT 10.0; Win64; x64) AppleWebKit/537.36 (KHTML, like Gecko) Chrome/122.0.0.0 Safari/537.36', 1, 1711673344, 'Chrome', 'Windows'),
(109, '660a273acdf1c', '113.161.235.233', 'en', 'Mozilla/5.0 (Windows NT 10.0; Win64; x64) AppleWebKit/537.36 (KHTML, like Gecko) Chrome/123.0.0.0 Safari/537.36', 1, 1711941434, 'Chrome', 'Windows'),
(110, '660f6a57aa325', '171.250.38.208', 'vi', 'Mozilla/5.0 (Windows NT 10.0; Win64; x64) AppleWebKit/537.36 (KHTML, like Gecko) Chrome/122.0.0.0 Safari/537.36', 1, 1712286295, 'Chrome', 'Windows'),
(111, '661cef5df0919', '113.161.235.233', 'en', 'Mozilla/5.0 (Windows NT 10.0; Win64; x64) AppleWebKit/537.36 (KHTML, like Gecko) Chrome/123.0.0.0 Safari/537.36', 1, 1713172317, 'Chrome', 'Windows'),
(112, '661cf5e99e88d', '115.76.44.235', 'en', 'Mozilla/5.0 (Macintosh; Intel Mac OS X 10_15_7) AppleWebKit/537.36 (KHTML, like Gecko) Chrome/123.0.0.0 Safari/537.36', 1, 1713173993, 'Chrome', 'mac'),
(113, '663f0ecc3589c', '116.109.230.3', 'vi', 'Mozilla/5.0 (Windows NT 10.0; Win64; x64) AppleWebKit/537.36 (KHTML, like Gecko) Chrome/122.0.0.0 Safari/537.36', 1, 1715408588, 'Chrome', 'Windows'),
(114, '6642d0c68ac69', '27.71.98.112', 'en', 'Mozilla/5.0 (Windows NT 10.0; Win64; x64) AppleWebKit/537.36 (KHTML, like Gecko) Chrome/124.0.0.0 Safari/537.36', 1, 1715654854, 'Chrome', 'Windows'),
(115, '6645c2d8ccd4d', '116.109.230.3', 'vi', 'Mozilla/5.0 (Windows NT 10.0; Win64; x64) AppleWebKit/537.36 (KHTML, like Gecko) Chrome/122.0.0.0 Safari/537.36', 1, 1715847896, 'Chrome', 'Windows'),
(116, '6645c7b857b5a', '116.109.230.3', 'vi', 'Mozilla/5.0 (Windows NT 10.0; Win64; x64) AppleWebKit/537.36 (KHTML, like Gecko) Chrome/122.0.0.0 Safari/537.36', 1, 1715849144, 'Chrome', 'Windows'),
(117, '6646a7f17357c', '116.109.230.3', 'vi', 'Mozilla/5.0 (Windows NT 10.0; Win64; x64) AppleWebKit/537.36 (KHTML, like Gecko) Chrome/122.0.0.0 Safari/537.36', 1, 1715906545, 'Chrome', 'Windows'),
(118, '665416275defe', '115.76.41.251', 'en', 'Mozilla/5.0 (Windows NT 10.0; Win64; x64) AppleWebKit/537.36 (KHTML, like Gecko) Chrome/125.0.0.0 Safari/537.36', 1, 1716786727, 'Chrome', 'Windows'),
(119, '6655893912bd3', '27.71.99.106', 'en', 'Mozilla/5.0 (Windows NT 10.0; Win64; x64) AppleWebKit/537.36 (KHTML, like Gecko) Chrome/125.0.0.0 Safari/537.36', 1, 1716881721, 'Chrome', 'Windows'),
(120, '6662c727cb4a1', '171.245.134.109', 'vi', 'Mozilla/5.0 (Windows NT 10.0; Win64; x64) AppleWebKit/537.36 (KHTML, like Gecko) Chrome/124.0.0.0 Safari/537.36', 1, 1717749543, 'Chrome', 'Windows'),
(121, '66641413dc1d7', '171.245.134.109', 'vi', 'Mozilla/5.0 (Windows NT 10.0; Win64; x64) AppleWebKit/537.36 (KHTML, like Gecko) Chrome/124.0.0.0 Safari/537.36', 1, 1717834771, 'Chrome', 'Windows'),
(122, '6664146518743', '171.245.134.109', 'vi', 'Mozilla/5.0 (Windows NT 10.0; Win64; x64) AppleWebKit/537.36 (KHTML, like Gecko) Chrome/124.0.0.0 Safari/537.36', 1, 1717834853, 'Chrome', 'Windows'),
(123, '667e1846e92e8', '27.71.99.151', 'en', 'Mozilla/5.0 (Windows NT 10.0; Win64; x64) AppleWebKit/537.36 (KHTML, like Gecko) Chrome/126.0.0.0 Safari/537.36', 1, 1719539782, 'Chrome', 'Windows'),
(124, '667e222dbdc0f', '113.161.235.233', 'en', 'Mozilla/5.0 (Windows NT 10.0; Win64; x64) AppleWebKit/537.36 (KHTML, like Gecko) Chrome/126.0.0.0 Safari/537.36', 1, 1719542317, 'Chrome', 'Windows'),
(125, '667e27888b5bd', '113.163.202.55', 'en', 'Mozilla/5.0 (Windows NT 10.0; Win64; x64; rv:127.0) Gecko/20100101 Firefox/127.0', 1, 1719543688, 'Firefox', 'Windows'),
(126, '667e2ac9a3c5f', '113.161.235.233', 'en', 'Mozilla/5.0 (Windows NT 10.0; Win64; x64) AppleWebKit/537.36 (KHTML, like Gecko) Chrome/126.0.0.0 Safari/537.36', 1, 1719544521, 'Chrome', 'Windows'),
(127, '667e2ec709e6e', '113.161.235.233', 'en', 'Mozilla/5.0 (Windows NT 10.0; Win64; x64) AppleWebKit/537.36 (KHTML, like Gecko) Chrome/126.0.0.0 Safari/537.36', 17, 1719545543, 'Chrome', 'Windows'),
(128, '667e2f4dc288e', '113.161.235.233', 'en', 'Mozilla/5.0 (Windows NT 10.0; Win64; x64) AppleWebKit/537.36 (KHTML, like Gecko) Chrome/126.0.0.0 Safari/537.36', 1, 1719545677, 'Chrome', 'Windows'),
(129, '667e2fe080d59', '113.161.235.233', 'en', 'Mozilla/5.0 (Windows NT 10.0; Win64; x64) AppleWebKit/537.36 (KHTML, like Gecko) Chrome/126.0.0.0 Safari/537.36', 17, 1719545824, 'Chrome', 'Windows'),
(130, '667e2ffde20f0', '113.161.235.233', 'en', 'Mozilla/5.0 (Windows NT 10.0; Win64; x64) AppleWebKit/537.36 (KHTML, like Gecko) Chrome/126.0.0.0 Safari/537.36', 1, 1719545853, 'Chrome', 'Windows'),
(131, '667e3022967e1', '113.161.235.233', 'en', 'Mozilla/5.0 (Windows NT 10.0; Win64; x64) AppleWebKit/537.36 (KHTML, like Gecko) Chrome/126.0.0.0 Safari/537.36', 17, 1719545890, 'Chrome', 'Windows'),
(132, '667e304090f65', '113.161.235.233', 'en', 'Mozilla/5.0 (Windows NT 10.0; Win64; x64) AppleWebKit/537.36 (KHTML, like Gecko) Chrome/126.0.0.0 Safari/537.36', 1, 1719545920, 'Chrome', 'Windows'),
(133, '667e3059459cc', '113.161.235.233', 'en', 'Mozilla/5.0 (Windows NT 10.0; Win64; x64) AppleWebKit/537.36 (KHTML, like Gecko) Chrome/126.0.0.0 Safari/537.36', 17, 1719545945, 'Chrome', 'Windows'),
(134, '667e30e96a9e1', '113.161.235.233', 'en', 'Mozilla/5.0 (Windows NT 10.0; Win64; x64) AppleWebKit/537.36 (KHTML, like Gecko) Chrome/126.0.0.0 Safari/537.36', 1, 1719546089, 'Chrome', 'Windows'),
(135, '667e3213947e0', '113.161.235.233', 'en', 'Mozilla/5.0 (Windows NT 10.0; Win64; x64) AppleWebKit/537.36 (KHTML, like Gecko) Chrome/126.0.0.0 Safari/537.36', 17, 1719546387, 'Chrome', 'Windows'),
(136, '667e5b0501d45', '27.71.99.151', 'en', 'Mozilla/5.0 (Windows NT 10.0; Win64; x64) AppleWebKit/537.36 (KHTML, like Gecko) Chrome/126.0.0.0 Safari/537.36', 1, 1719556869, 'Chrome', 'Windows'),
(137, '667e5d71dc0db', '27.71.99.151', 'en', 'Mozilla/5.0 (Windows NT 10.0; Win64; x64) AppleWebKit/537.36 (KHTML, like Gecko) Chrome/126.0.0.0 Safari/537.36', NULL, 1719557489, 'Chrome', 'Windows'),
(138, '6680040c5e4d3', '27.71.98.114', 'en', 'Mozilla/5.0 (Windows NT 10.0; Win64; x64) AppleWebKit/537.36 (KHTML, like Gecko) Chrome/126.0.0.0 Safari/537.36', 1, 1719665676, 'Chrome', 'Windows'),
(139, '66816756d049f', '14.183.20.106', 'en', 'Mozilla/5.0 (Windows NT 10.0; Win64; x64) AppleWebKit/537.36 (KHTML, like Gecko) Chrome/126.0.0.0 Safari/537.36', 1, 1719756630, 'Chrome', 'Windows'),
(140, '668b3c8555a9d', '27.71.99.151', 'en', 'Mozilla/5.0 (Windows NT 10.0; Win64; x64) AppleWebKit/537.36 (KHTML, like Gecko) Chrome/126.0.0.0 Safari/537.36', 1, 1720401029, 'Chrome', 'Windows'),
(141, '668b41182757d', '113.163.202.55', 'en', 'Mozilla/5.0 (Windows NT 10.0; Win64; x64) AppleWebKit/537.36 (KHTML, like Gecko) Chrome/126.0.0.0 Safari/537.36', 1, 1720402200, 'Chrome', 'Windows'),
(142, '668bb1b10deda', '27.71.99.151', 'en', 'Mozilla/5.0 (Windows NT 10.0; Win64; x64) AppleWebKit/537.36 (KHTML, like Gecko) Chrome/126.0.0.0 Safari/537.36', 1, 1720431025, 'Chrome', 'Windows'),
(143, '668ceb0786cdc', '115.75.144.15', 'en', 'Mozilla/5.0 (Windows NT 10.0; Win64; x64) AppleWebKit/537.36 (KHTML, like Gecko) Chrome/126.0.0.0 Safari/537.36', 1, 1720511239, 'Chrome', 'Windows'),
(144, '6695ea20785ec', '27.71.99.151', 'en', 'Mozilla/5.0 (Windows NT 10.0; Win64; x64) AppleWebKit/537.36 (KHTML, like Gecko) Chrome/126.0.0.0 Safari/537.36', 1, 1721100832, 'Chrome', 'Windows'),
(145, '669804a024506', '14.179.183.154', 'en', 'Mozilla/5.0 (Windows NT 10.0; Win64; x64; rv:128.0) Gecko/20100101 Firefox/128.0', 1, 1721238688, 'Firefox', 'Windows'),
(146, '669dbe19a0562', '113.163.202.55', 'en', 'Mozilla/5.0 (Windows NT 10.0; Win64; x64; rv:128.0) Gecko/20100101 Firefox/128.0', 1, 1721613849, 'Firefox', 'Windows'),
(147, '669e2cb1260bb', '113.161.235.233', 'en', 'Mozilla/5.0 (Windows NT 10.0; Win64; x64) AppleWebKit/537.36 (KHTML, like Gecko) Chrome/126.0.0.0 Safari/537.36', 1, 1721642161, 'Chrome', 'Windows'),
(148, '66a201916d8f4', '27.71.99.151', 'en', 'Mozilla/5.0 (Windows NT 10.0; Win64; x64) AppleWebKit/537.36 (KHTML, like Gecko) Chrome/126.0.0.0 Safari/537.36', 1, 1721893265, 'Chrome', 'Windows'),
(149, '66a6f0e537c92', '27.71.99.151', 'en', 'Mozilla/5.0 (Windows NT 10.0; Win64; x64) AppleWebKit/537.36 (KHTML, like Gecko) Chrome/126.0.0.0 Safari/537.36', 1, 1722216677, 'Chrome', 'Windows'),
(150, '66a90ed8d07b3', '113.169.225.6', 'en', 'Mozilla/5.0 (Windows NT 10.0; Win64; x64; rv:128.0) Gecko/20100101 Firefox/128.0', 1, 1722355416, 'Firefox', 'Windows'),
(151, '66ac8c13c5e3f', '27.71.99.151', 'en', 'Mozilla/5.0 (Windows NT 10.0; Win64; x64) AppleWebKit/537.36 (KHTML, like Gecko) Chrome/127.0.0.0 Safari/537.36', 1, 1722584083, 'Chrome', 'Windows'),
(152, '66af932e8a8e1', '113.169.225.6', 'en', 'Mozilla/5.0 (Windows NT 10.0; Win64; x64; rv:128.0) Gecko/20100101 Firefox/128.0', 1, 1722782510, 'Firefox', 'Windows'),
(153, '66b315517b825', '113.163.202.55', 'en', 'Mozilla/5.0 (Windows NT 10.0; Win64; x64; rv:128.0) Gecko/20100101 Firefox/128.0', 1, 1723012433, 'Firefox', 'Windows'),
(154, '66b3287c962d9', '27.71.99.151', 'en', 'Mozilla/5.0 (Windows NT 10.0; Win64; x64) AppleWebKit/537.36 (KHTML, like Gecko) Chrome/127.0.0.0 Safari/537.36', 1, 1723017340, 'Chrome', 'Windows'),
(155, '66c305061bf43', '113.161.235.233', 'en', 'Mozilla/5.0 (Windows NT 10.0; Win64; x64) AppleWebKit/537.36 (KHTML, like Gecko) Chrome/127.0.0.0 Safari/537.36', 1, 1724056838, 'Chrome', 'Windows'),
(156, '66c3ed1e3ec7f', '27.71.99.151', 'en', 'Mozilla/5.0 (Windows NT 10.0; Win64; x64) AppleWebKit/537.36 (KHTML, like Gecko) Chrome/127.0.0.0 Safari/537.36', 1, 1724116254, 'Chrome', 'Windows'),
(157, '66c3ed55ae880', '27.71.99.151', 'en', 'Mozilla/5.0 (Windows NT 10.0; Win64; x64) AppleWebKit/537.36 (KHTML, like Gecko) Chrome/127.0.0.0 Safari/537.36', NULL, 1724116309, 'Chrome', 'Windows'),
(158, '66c43b9f2e9fe', '127.0.0.1', 'en', 'Mozilla/5.0 (Windows NT 10.0; Win64; x64) AppleWebKit/537.36 (KHTML, like Gecko) Chrome/127.0.0.0 Safari/537.36', 1, 1724136351, 'Chrome', 'Windows'),
(159, '66c43ca51bc8e', '127.0.0.1', 'en', 'Mozilla/5.0 (Windows NT 10.0; Win64; x64) AppleWebKit/537.36 (KHTML, like Gecko) Chrome/127.0.0.0 Safari/537.36', NULL, 1724136613, 'Chrome', 'Windows'),
(160, '66c540f1b32d8', '127.0.0.1', 'en', 'Mozilla/5.0 (Windows NT 10.0; Win64; x64) AppleWebKit/537.36 (KHTML, like Gecko) Chrome/127.0.0.0 Safari/537.36', 1, 1724203249, 'Chrome', 'Windows'),
(161, '66c6e487d031b', '113.161.235.233', 'en', 'Mozilla/5.0 (Windows NT 10.0; Win64; x64) AppleWebKit/537.36 (KHTML, like Gecko) Chrome/127.0.0.0 Safari/537.36', 1, 1724310663, 'Chrome', 'Windows'),
(162, '66c6e8f2a3b06', '113.161.235.233', 'en', 'Mozilla/5.0 (Windows NT 10.0; Win64; x64) AppleWebKit/537.36 (KHTML, like Gecko) Chrome/127.0.0.0 Safari/537.36', 22, 1724311794, 'Chrome', 'Windows'),
(163, '66c6e94a94f39', '113.161.235.233', 'en', 'Mozilla/5.0 (Windows NT 10.0; Win64; x64) AppleWebKit/537.36 (KHTML, like Gecko) Chrome/127.0.0.0 Safari/537.36', 20, 1724311882, 'Chrome', 'Windows'),
(164, '66c6e99dbfa6f', '113.161.235.233', 'en', 'Mozilla/5.0 (Windows NT 10.0; Win64; x64) AppleWebKit/537.36 (KHTML, like Gecko) Chrome/127.0.0.0 Safari/537.36', 1, 1724311965, 'Chrome', 'Windows'),
(165, '66c6eb082e1ab', '115.75.144.15', 'en', 'Mozilla/5.0 (Windows NT 10.0; Win64; x64; rv:129.0) Gecko/20100101 Firefox/129.0', 1, 1724312328, 'Firefox', 'Windows'),
(166, '66c6ed53953ef', '113.161.235.233', 'en', 'Mozilla/5.0 (Windows NT 10.0; Win64; x64) AppleWebKit/537.36 (KHTML, like Gecko) Chrome/127.0.0.0 Safari/537.36', 22, 1724312915, 'Chrome', 'Windows'),
(167, '66c6f3fe00002', '113.161.235.233', 'en', 'Mozilla/5.0 (Windows NT 10.0; Win64; x64) AppleWebKit/537.36 (KHTML, like Gecko) Chrome/127.0.0.0 Safari/537.36', 20, 1724314622, 'Chrome', 'Windows'),
(168, '66c7f1f465ad2', '27.71.99.151', 'en', 'Mozilla/5.0 (Windows NT 10.0; Win64; x64) AppleWebKit/537.36 (KHTML, like Gecko) Chrome/127.0.0.0 Safari/537.36', 1, 1724379636, 'Chrome', 'Windows'),
(169, '66dbd878edc9e', '113.161.235.233', 'en', 'Mozilla/5.0 (Windows NT 10.0; Win64; x64) AppleWebKit/537.36 (KHTML, like Gecko) Chrome/128.0.0.0 Safari/537.36', 1, 1725683832, 'Chrome', 'Windows'),
(170, '66dbd9d515a3f', '113.161.235.233', 'en', 'Mozilla/5.0 (Windows NT 10.0; Win64; x64) AppleWebKit/537.36 (KHTML, like Gecko) Chrome/128.0.0.0 Safari/537.36', 20, 1725684181, 'Chrome', 'Windows'),
(171, '66dbd9ecbcd8f', '113.161.235.233', 'en', 'Mozilla/5.0 (Windows NT 10.0; Win64; x64) AppleWebKit/537.36 (KHTML, like Gecko) Chrome/128.0.0.0 Safari/537.36', 22, 1725684204, 'Chrome', 'Windows'),
(172, '66dbda58e044a', '113.161.235.233', 'en', 'Mozilla/5.0 (Windows NT 10.0; Win64; x64) AppleWebKit/537.36 (KHTML, like Gecko) Chrome/128.0.0.0 Safari/537.36', 1, 1725684312, 'Chrome', 'Windows'),
(173, '66dbdc3f880c3', '113.161.235.233', 'en', 'Mozilla/5.0 (Windows NT 10.0; Win64; x64) AppleWebKit/537.36 (KHTML, like Gecko) Chrome/128.0.0.0 Safari/537.36', 20, 1725684799, 'Chrome', 'Windows'),
(174, '66dbdd313a7b8', '113.161.235.233', 'en', 'Mozilla/5.0 (Windows NT 10.0; Win64; x64) AppleWebKit/537.36 (KHTML, like Gecko) Chrome/128.0.0.0 Safari/537.36', 1, 1725685041, 'Chrome', 'Windows'),
(175, '66dbdec5aa31d', '113.161.235.233', 'en', 'Mozilla/5.0 (Windows NT 10.0; Win64; x64) AppleWebKit/537.36 (KHTML, like Gecko) Chrome/128.0.0.0 Safari/537.36', 20, 1725685445, 'Chrome', 'Windows'),
(176, '66dbdf8229f73', '113.161.235.233', 'en', 'Mozilla/5.0 (Windows NT 10.0; Win64; x64) AppleWebKit/537.36 (KHTML, like Gecko) Chrome/128.0.0.0 Safari/537.36', 1, 1725685634, 'Chrome', 'Windows'),
(177, '66dbe1e299dd6', '113.161.235.233', 'en', 'Mozilla/5.0 (Windows NT 10.0; Win64; x64) AppleWebKit/537.36 (KHTML, like Gecko) Chrome/128.0.0.0 Safari/537.36', 20, 1725686242, 'Chrome', 'Windows'),
(178, '66dbe217da241', '113.161.235.233', 'en', 'Mozilla/5.0 (Windows NT 10.0; Win64; x64) AppleWebKit/537.36 (KHTML, like Gecko) Chrome/128.0.0.0 Safari/537.36', 1, 1725686295, 'Chrome', 'Windows'),
(179, '66dbfb707123a', '113.161.235.233', 'en', 'Mozilla/5.0 (Windows NT 10.0; Win64; x64) AppleWebKit/537.36 (KHTML, like Gecko) Chrome/128.0.0.0 Safari/537.36', 20, 1725692784, 'Chrome', 'Windows'),
(180, '66dbfc7adc43c', '113.161.235.233', 'en', 'Mozilla/5.0 (Windows NT 10.0; Win64; x64) AppleWebKit/537.36 (KHTML, like Gecko) Chrome/128.0.0.0 Safari/537.36', 1, 1725693050, 'Chrome', 'Windows'),
(181, '66dbfcc4691c9', '113.161.235.233', 'en', 'Mozilla/5.0 (Windows NT 10.0; Win64; x64) AppleWebKit/537.36 (KHTML, like Gecko) Chrome/128.0.0.0 Safari/537.36', 20, 1725693124, 'Chrome', 'Windows'),
(182, '66dc02bba5859', '113.161.235.233', 'en', 'Mozilla/5.0 (Windows NT 10.0; Win64; x64) AppleWebKit/537.36 (KHTML, like Gecko) Chrome/128.0.0.0 Safari/537.36', 1, 1725694651, 'Chrome', 'Windows'),
(183, '66dc0986eb844', '113.161.235.233', 'en', 'Mozilla/5.0 (Windows NT 10.0; Win64; x64) AppleWebKit/537.36 (KHTML, like Gecko) Chrome/128.0.0.0 Safari/537.36', 20, 1725696390, 'Chrome', 'Windows'),
(184, '66dc0d9523b67', '113.161.235.233', 'en', 'Mozilla/5.0 (Windows NT 10.0; Win64; x64) AppleWebKit/537.36 (KHTML, like Gecko) Chrome/128.0.0.0 Safari/537.36', 1, 1725697429, 'Chrome', 'Windows'),
(185, '66dc135c2707d', '115.76.33.164', 'en', 'Mozilla/5.0 (Windows NT 10.0; Win64; x64) AppleWebKit/537.36 (KHTML, like Gecko) Chrome/128.0.0.0 Safari/537.36', 1, 1725698908, 'Chrome', 'Windows'),
(186, '66dc13fd002b6', '115.76.33.164', 'en', 'Mozilla/5.0 (Windows NT 10.0; Win64; x64) AppleWebKit/537.36 (KHTML, like Gecko) Chrome/128.0.0.0 Safari/537.36', 22, 1725699069, 'Chrome', 'Windows'),
(187, '66ddb53203bed', '14.168.93.176', 'en', 'Mozilla/5.0 (Windows NT 10.0; Win64; x64) AppleWebKit/537.36 (KHTML, like Gecko) Chrome/128.0.0.0 Safari/537.36', 1, 1725805874, 'Chrome', 'Windows'),
(188, '66de6a3caedbd', '113.161.235.233', 'en', 'Mozilla/5.0 (Windows NT 10.0; Win64; x64) AppleWebKit/537.36 (KHTML, like Gecko) Chrome/128.0.0.0 Safari/537.36', 1, 1725852220, 'Chrome', 'Windows'),
(189, '66de71c88f0b4', '27.71.99.30', 'en', 'Mozilla/5.0 (Windows NT 10.0; Win64; x64) AppleWebKit/537.36 (KHTML, like Gecko) Chrome/128.0.0.0 Safari/537.36', 1, 1725854152, 'Chrome', 'Windows'),
(190, '66deaa1bb6957', '113.161.235.233', 'en', 'Mozilla/5.0 (Windows NT 10.0; Win64; x64) AppleWebKit/537.36 (KHTML, like Gecko) Chrome/128.0.0.0 Safari/537.36', 22, 1725868571, 'Chrome', 'Windows'),
(191, '66e051bbb4939', '14.168.93.176', 'en', 'Mozilla/5.0 (Macintosh; Intel Mac OS X 10_15_7) AppleWebKit/605.1.15 (KHTML, like Gecko) Version/17.6 Safari/605.1.15', 1, 1725977019, 'Safari', 'mac'),
(192, '66e0f8946661d', '113.161.235.233', 'en', 'Mozilla/5.0 (Windows NT 10.0; Win64; x64) AppleWebKit/537.36 (KHTML, like Gecko) Chrome/128.0.0.0 Safari/537.36', 1, 1726019732, 'Chrome', 'Windows'),
(193, '66e104708a720', '113.161.235.233', 'en', 'Mozilla/5.0 (Windows NT 10.0; Win64; x64) AppleWebKit/537.36 (KHTML, like Gecko) Chrome/128.0.0.0 Safari/537.36', 1, 1726022768, 'Chrome', 'Windows'),
(194, '66ecdecf2d721', '27.71.99.30', 'en', 'Mozilla/5.0 (Windows NT 10.0; Win64; x64) AppleWebKit/537.36 (KHTML, like Gecko) Chrome/128.0.0.0 Safari/537.36', 1, 1726799567, 'Chrome', 'Windows'),
(195, '66ee1d0238987', '27.71.99.30', 'en', 'Mozilla/5.0 (Windows NT 10.0; Win64; x64) AppleWebKit/537.36 (KHTML, like Gecko) Chrome/128.0.0.0 Safari/537.36', 1, 1726881026, 'Chrome', 'Windows'),
(196, '66ee86d48d25f', '27.71.99.30', 'en', 'Mozilla/5.0 (Windows NT 10.0; Win64; x64) AppleWebKit/537.36 (KHTML, like Gecko) Chrome/128.0.0.0 Safari/537.36', 1, 1726908116, 'Chrome', 'Windows'),
(197, '66f0c5336978c', '113.161.235.233', 'en', 'Mozilla/5.0 (Windows NT 10.0; Win64; x64) AppleWebKit/537.36 (KHTML, like Gecko) Chrome/128.0.0.0 Safari/537.36', 1, 1727055155, 'Chrome', 'Windows'),
(198, '66f0e018d583f', '113.161.235.233', 'en', 'Mozilla/5.0 (Windows NT 10.0; Win64; x64) AppleWebKit/537.36 (KHTML, like Gecko) Chrome/128.0.0.0 Safari/537.36', 1, 1727062040, 'Chrome', 'Windows'),
(199, '66f0e6ee99519', '113.161.235.233', 'en', 'Mozilla/5.0 (Windows NT 10.0; Win64; x64) AppleWebKit/537.36 (KHTML, like Gecko) Chrome/128.0.0.0 Safari/537.36', 22, 1727063790, 'Chrome', 'Windows'),
(200, '66f0e7aedd1d4', '113.161.235.233', 'en', 'Mozilla/5.0 (Windows NT 10.0; Win64; x64) AppleWebKit/537.36 (KHTML, like Gecko) Chrome/128.0.0.0 Safari/537.36', 20, 1727063982, 'Chrome', 'Windows'),
(201, '66f0e7e37df88', '113.161.235.233', 'en', 'Mozilla/5.0 (Windows NT 10.0; Win64; x64) AppleWebKit/537.36 (KHTML, like Gecko) Chrome/128.0.0.0 Safari/537.36', 22, 1727064035, 'Chrome', 'Windows'),
(202, '66f0e89050642', '113.161.235.233', 'en', 'Mozilla/5.0 (Windows NT 10.0; Win64; x64) AppleWebKit/537.36 (KHTML, like Gecko) Chrome/128.0.0.0 Safari/537.36', 20, 1727064208, 'Chrome', 'Windows'),
(203, '66f0ebe8789e2', '113.161.235.233', 'en', 'Mozilla/5.0 (Windows NT 10.0; Win64; x64) AppleWebKit/537.36 (KHTML, like Gecko) Chrome/128.0.0.0 Safari/537.36', 1, 1727065064, 'Chrome', 'Windows'),
(204, '66f1130ccabfe', '115.74.244.101', 'en', 'Mozilla/5.0 (Windows NT 10.0; Win64; x64) AppleWebKit/537.36 (KHTML, like Gecko) Chrome/128.0.0.0 Safari/537.36', 1, 1727075084, 'Chrome', 'Windows'),
(205, '66f11930d2d34', '115.74.244.101', 'en', 'Mozilla/5.0 (Windows NT 10.0; Win64; x64) AppleWebKit/537.36 (KHTML, like Gecko) Chrome/128.0.0.0 Safari/537.36', 22, 1727076656, 'Chrome', 'Windows'),
(206, '66f11959ab3c5', '115.74.244.101', 'en', 'Mozilla/5.0 (Windows NT 10.0; Win64; x64) AppleWebKit/537.36 (KHTML, like Gecko) Chrome/128.0.0.0 Safari/537.36', 1, 1727076697, 'Chrome', 'Windows'),
(207, '66f2226d0c8d0', '27.71.99.30', 'en', 'Mozilla/5.0 (Windows NT 10.0; Win64; x64) AppleWebKit/537.36 (KHTML, like Gecko) Chrome/129.0.0.0 Safari/537.36', 1, 1727144557, 'Chrome', 'Windows'),
(208, '66fe46e9900f4', '27.71.98.103', 'en', 'Mozilla/5.0 (Windows NT 10.0; Win64; x64) AppleWebKit/537.36 (KHTML, like Gecko) Chrome/129.0.0.0 Safari/537.36', 1, 1727940329, 'Chrome', 'Windows'),
(209, '67035139e9153', '27.71.98.103', 'en', 'Mozilla/5.0 (Windows NT 10.0; Win64; x64) AppleWebKit/537.36 (KHTML, like Gecko) Chrome/129.0.0.0 Safari/537.36', 1, 1728270649, 'Chrome', 'Windows'),
(210, '670dc8ea7bcfc', '27.71.99.58', 'en', 'Mozilla/5.0 (Windows NT 10.0; Win64; x64) AppleWebKit/537.36 (KHTML, like Gecko) Chrome/129.0.0.0 Safari/537.36', 1, 1728956650, 'Chrome', 'Windows'),
(211, '6715c1ccc004f', '113.161.235.233', 'en', 'Mozilla/5.0 (Windows NT 10.0; Win64; x64) AppleWebKit/537.36 (KHTML, like Gecko) Chrome/129.0.0.0 Safari/537.36', 1, 1729479116, 'Chrome', 'Windows'),
(212, '6715ccb1ef5c8', '27.71.98.233', 'en', 'Mozilla/5.0 (Windows NT 10.0; Win64; x64) AppleWebKit/537.36 (KHTML, like Gecko) Chrome/129.0.0.0 Safari/537.36', 1, 1729481905, 'Chrome', 'Windows'),
(213, '6716f86d8f40f', '113.161.235.233', 'en', 'Mozilla/5.0 (Windows NT 10.0; Win64; x64) AppleWebKit/537.36 (KHTML, like Gecko) Chrome/130.0.0.0 Safari/537.36', 1, 1729558637, 'Chrome', 'Windows'),
(214, '67177f7c13e3d', '113.161.235.233', 'en', 'Mozilla/5.0 (Windows NT 10.0; Win64; x64) AppleWebKit/537.36 (KHTML, like Gecko) Chrome/130.0.0.0 Safari/537.36', 1, 1729593212, 'Chrome', 'Windows'),
(215, '6718486c0a5e7', '113.161.235.233', 'en', 'Mozilla/5.0 (Windows NT 10.0; Win64; x64) AppleWebKit/537.36 (KHTML, like Gecko) Chrome/130.0.0.0 Safari/537.36', 1, 1729644652, 'Chrome', 'Windows'),
(216, '67184ee8b047a', '113.161.235.233', 'en', 'Mozilla/5.0 (Windows NT 10.0; Win64; x64) AppleWebKit/537.36 (KHTML, like Gecko) Chrome/130.0.0.0 Safari/537.36', 22, 1729646312, 'Chrome', 'Windows'),
(217, '67189cc2b5801', '113.161.235.233', 'en', 'Mozilla/5.0 (Windows NT 10.0; Win64; x64) AppleWebKit/537.36 (KHTML, like Gecko) Chrome/130.0.0.0 Safari/537.36', 1, 1729666242, 'Chrome', 'Windows');

--
-- Constraints for dumped tables
--

--
-- Constraints for table `auth_assignment`
--
ALTER TABLE `auth_assignment`
  ADD CONSTRAINT `auth_assignment_ibfk_1` FOREIGN KEY (`item_name`) REFERENCES `auth_item` (`name`) ON DELETE CASCADE ON UPDATE CASCADE,
  ADD CONSTRAINT `auth_assignment_ibfk_2` FOREIGN KEY (`user_id`) REFERENCES `user` (`id`) ON DELETE CASCADE ON UPDATE CASCADE;

--
-- Constraints for table `auth_item`
--
ALTER TABLE `auth_item`
  ADD CONSTRAINT `auth_item_ibfk_1` FOREIGN KEY (`rule_name`) REFERENCES `auth_rule` (`name`) ON DELETE SET NULL ON UPDATE CASCADE,
  ADD CONSTRAINT `fk_auth_item_group_code` FOREIGN KEY (`group_code`) REFERENCES `auth_item_group` (`code`) ON DELETE SET NULL ON UPDATE CASCADE;

--
-- Constraints for table `auth_item_child`
--
ALTER TABLE `auth_item_child`
  ADD CONSTRAINT `auth_item_child_ibfk_1` FOREIGN KEY (`parent`) REFERENCES `auth_item` (`name`) ON DELETE CASCADE ON UPDATE CASCADE,
  ADD CONSTRAINT `auth_item_child_ibfk_2` FOREIGN KEY (`child`) REFERENCES `auth_item` (`name`) ON DELETE CASCADE ON UPDATE CASCADE;

--
-- Constraints for table `user_visit_log`
--
ALTER TABLE `user_visit_log`
  ADD CONSTRAINT `user_visit_log_ibfk_1` FOREIGN KEY (`user_id`) REFERENCES `user` (`id`) ON DELETE SET NULL ON UPDATE CASCADE;
COMMIT;

/*!40101 SET CHARACTER_SET_CLIENT=@OLD_CHARACTER_SET_CLIENT */;
/*!40101 SET CHARACTER_SET_RESULTS=@OLD_CHARACTER_SET_RESULTS */;
/*!40101 SET COLLATION_CONNECTION=@OLD_COLLATION_CONNECTION */;
